-- SQLite
-- Ajoute valeurs de la table Jour
INSERT INTO Jour (date_jour, jour_semaine) VALUES
('2023-09-04','Lundi'), ('2023-09-05','Mardi'), ('2023-09-06','Mercredi'), ('2023-09-07','Jeudi'), ('2023-09-08','Vendredi'),
('2023-09-11','Lundi'), ('2023-09-12','Mardi'), ('2023-09-13','Mercredi'), ('2023-09-14','Jeudi'), ('2023-09-15','Vendredi'),
('2023-09-18','Lundi'), ('2023-09-19','Mardi'), ('2023-09-20','Mercredi'), ('2023-09-21','Jeudi'), ('2023-09-22','Vendredi'),
('2023-09-25','Lundi'), ('2023-09-26','Mardi'), ('2023-09-27','Mercredi'), ('2023-09-28','Jeudi'), ('2023-09-29','Vendredi'),
('2023-10-02','Lundi'), ('2023-10-03','Mardi'), ('2023-10-04','Mercredi'), ('2023-10-05','Jeudi'), ('2023-10-06','Vendredi'),
('2023-10-09','Lundi'), ('2023-10-10','Mardi'), ('2023-10-11','Mercredi'), ('2023-10-12','Jeudi'), ('2023-10-13','Vendredi'),
('2023-10-16','Lundi'), ('2023-10-17','Mardi'), ('2023-10-18','Mercredi'), ('2023-10-19','Jeudi'), ('2023-10-20','Vendredi'),
('2023-10-23','Lundi'), ('2023-10-24','Mardi'), ('2023-10-25','Mercredi'), ('2023-10-26','Jeudi'), ('2023-10-27','Vendredi'),
('2023-11-06','Lundi'), ('2023-11-07','Mardi'), ('2023-11-08','Mercredi'), ('2023-11-09','Jeudi'), ('2023-11-10','Vendredi'),
('2023-11-13','Lundi'), ('2023-11-14','Mardi'), ('2023-11-15','Mercredi'), ('2023-11-16','Jeudi'), ('2023-11-17','Vendredi'),
('2023-11-20','Lundi'), ('2023-11-21','Mardi'), ('2023-11-22','Mercredi'), ('2023-11-23','Jeudi'), ('2023-11-24','Vendredi'),
('2023-11-27','Lundi'), ('2023-11-28','Mardi'), ('2023-11-29','Mercredi'), ('2023-11-30','Jeudi'),
('2023-12-01','Vendredi'), ('2023-12-04','Lundi'), ('2023-12-05','Mardi'),
('2023-12-11','Lundi'), ('2023-12-12','Mardi'), ('2023-12-13','Mercredi'),
('2023-12-14','Jeudi'), ('2023-12-15','Vendredi');

-- Ajoute valeurs de la table Group_TD
INSERT INTO GroupeTD (Code_TD, Nom_TD, Niveau_etude) VALUES
('TD06', 'TD06 - MIASHS + Bessières Maths', 'L1'),
('TD07', 'TD07 - MIASHS', 'L1'),
('TD08', 'TD08 - MIASHS (et Oui, si)', 'L1'),
('TD09', 'TD09 - DL Economie-Maths', 'L1'),
('TD10', 'TD10 - DL Gestion-Info', 'L1'),
('TD11', 'TD11 - Economie-Gestion CMI', 'L1'),
('TD06', 'TD06 - MIASHS (Maths Appliquées) + Bessières', 'L2'),
('TD07', 'TD07 - DL Économie-Maths', 'L2'),
('TD08', 'TD08 - MIASHS parcours MIAGE', 'L2'),
('TD09', 'TD09 - MIASHS parcours MIAGE', 'L2'),
('TD10', 'TD10 - DL Gestion-Informatique', 'L2'),
('TD11', 'TD11 - Économie-Gestion CMI', 'L2'),
('OG3',  'OG3 MIASHS', 'L2'),
('TD1', 'TD1 - L3 MIAGE CLA', 'L3'),
('TD2', 'TD2 - L3 MIAGE CLA', 'L3'),
('TD03A', 'TD03 - DL Info-Gestion', 'L3'),
('TD03B', 'TD03 - CMI', 'L3');

-- Ajoute valeurs de la table Cours
INSERT INTO Cours (Code_cours, date_jour, Duree, Debut, Fin, Activite, Type_cours, Niveau_etude) VALUES 
('4E1MF103-1','2023-09-12','01h30','08h30','10h00','Harmonisation S1','CM','L1'),
('4E1MF103-2','2023-09-12','02h30','10h20','12h50','TD09 - Harmonisation S1','TD','L1'),
('4E1MF103-3','2023-09-12','02h30','10h20','12h50','TD10 - Harmonisation S1','TD','L1'),
('4E1MF103-4','2023-09-12','02h30','11h00','13h30','TD06 - Harmonisation S1','TD','L1'),
('4E1MF103-5','2023-09-12','02h30','13h00','15h30','TD08 - Harmonisation S1','TD','L1'),
('4E1MF103-6','2023-09-12','02h30','15h00','17h30','TD07 - Harmonisation S1','TD','L1'),
('4E1MF103-7','2023-09-13','02h30','09h00','11h30','TD08 - Harmonisation S1','TD','L1'),
('4E1MF103-8','2023-09-13','02h30','10h00','12h30','TD06 - Harmonisation S1','TD','L1'),
('4E1MF103-9','2023-09-13','02h00','13h30','15h30','Harmonisation S1','CM','L1'),
('4E1MF103-10','2023-09-13','02h30','15h40','18h10','TD07 - Harmonisation S1','TD','L1'),
('4E1MF103-11','2023-09-13','02h30','15h40','18h10','TD09 - Harmonisation S1','TD','L1'),
('4E1MF103-12','2023-09-14','01h30','10h10','11h40','Harmonisation S1','CM','L1'),
('4E1MF103-13','2023-09-14','02h30','13h30','16h00','TD07 - Harmonisation S1','TD','L1'),
('4E1MF103-14','2023-09-14','02h30','13h30','16h00','TD08 - Harmonisation S1','TD','L1'),
('4E1MF103-15','2023-09-14','02h30','13h30','16h00','TD09 - Harmonisation S1','TD','L1'),
('4E1MF103-16','2023-09-14','03h10','13h30','16h40','TD10 - Harmonisation S1','TD','L1'),
('4E1MF103-17','2023-09-14','02h30','16h10','18h40','TD06 - Harmonisation S1','TD','L1'),
('4E1MF103-18','2023-09-15','02h00','10h40','12h40','Harmonisation S1','CM','L1'),
('4E1MF103-19','2023-09-15','02h30','13h30','16h00','TD06 - Harmonisation S1','TD','L1'),
('4E1MF103-20','2023-09-15','02h30','13h30','16h00','TD08 - Harmonisation S1','TD','L1'),
('4E1MF103-21','2023-09-15','03h10','13h30','16h40','TD10 - Harmonisation S1','TD','L1'),
('4E1MF103-22','2023-09-15','02h30','14h00','16h30','TD09 - Harmonisation S1','TD','L1'),
('4E1MF103-23','2023-09-15','02h30','16h10','18h40','TD07 - Harmonisation S1','TD','L1'),
('4E1MF103-24','2023-09-18','02h00','10h40','12h40','TD08 - Harmonisation S1','TD','L1'),
('4E1MF103-25','2023-09-18','02h30','10h40','13h10','TD10 - Harmonisation S1','TD','L1'),
('4E1MF103-26','2023-09-18','01h30','13h30','15h00','Harmonisation S1','CM','L1'),
('4E1MF103-27','2023-09-18','02h30','15h40','18h10','TD06 - Harmonisation S1','TD','L1'),
('4E1MF103-28','2023-09-19','02h00','08h30','10h30','TD09 - Harmonisation S1','TD','L1'),
('4E1MF103-29','2023-09-19','02h00','08h30','10h30','TD10 - Harmonisation S1','TD','L1'),
('4E1MF101-1','2023-09-19','02h00','10h40','12h40','Mathématiques S1','CM','L1'),
('4E1MF103-30','2023-09-19','01h30','13h30','15h00','Harmonisation S1','CM','L1'),
('4E1MF103-31','2023-09-19','02h30','15h10','17h40','TD07 - Harmonisation S1','TD','L1'),
('4E1MF103-32','2023-09-19','02h00','15h40','17h40','TD08 - Harmonisation S1','TD','L1'),
('4E1MF103-33','2023-09-20','02h30','10h40','13h10','TD06 - Harmonisation S1','TD','L1'),
('4E1MF103-34','2023-09-20','01h00','10h40','11h40','TD08 - Harmonisation S1','TD','L1'),
('4E1MF103-35','2023-09-20','03h00','10h40','13h40','TD09 - Harmonisation S1','TD','L1'),
('4E1MF103-36','2023-09-20','02h30','14h00','16h30','TD07 - Harmonisation S1','TD','L1'),
('4E1MF103-37','2023-09-21','02h30','10h40','13h10','TD07 - Harmonisation S1','TD','L1'),
('4E1MF103-38','2023-09-21','02h30','13h30','16h00','TD08 - Harmonisation S1','TD','L1'),
('4E1MF103-39','2023-09-21','02h30','13h30','16h00','TD09 - Harmonisation S1','TD','L1'),
('4E1MF103-40','2023-09-21','03h20','13h30','16h50','TD10 - Harmonisation S1','TD','L1'),
('4E1MF103-41','2023-09-21','02h30','14h00','16h30','TD06 - Harmonisation S1','TD','L1'),
('4E1MF102-1','2023-09-22','02h00','08h30','10h30','Informatique S1','CM','L1'),
('4E1MF103-42','2023-09-22','02h30','10h40','13h10','TD07 - Harmonisation S1','TD','L1'),
('4E1MF103-43','2023-09-22','02h30','13h30','16h00','TD09 - Harmonisation S1','TD','L1'),
('4E1MF103-44','2023-09-22','03h20','13h30','16h50','TD10 - Harmonisation S1','TD','L1'),
('4E1MF103-45','2023-09-22','02h30','14h00','16h30','TD06 - Harmonisation S1','TD','L1'),
('4E1MF103-46','2023-09-22','02h30','15h40','18h10','TD08 - Harmonisation S1','TD','L1'),
('4E1MF102-2','2023-09-25','02h00','10h40','12h40','TD07 - Informatique S1','TD','L1'),
('4E1MF101-2','2023-09-25','02h00','10h40','12h40','TD06 - Mathématiques S1','TD','L1'),
('4E1MF101-3','2023-09-25','02h00','10h40','12h40','TD08 - Mathématiques S1','TD','L1'),
('4E1MF102-3','2023-09-25','02h00','13h30','15h30','TD11 - Informatique S1','TD','L1'),
('4E1MF101-4','2023-09-25','02h00','13h30','15h30','TD07 - Mathématiques S1','TD','L1'),
('4E1MF102-4','2023-09-25','02h00','15h40','17h40','TD06 - Informatique S1','TD','L1'),
('4E1MF101-5','2023-09-26','02h00','08h30','10h30','TD06 - Mathématiques S1','TD','L1'),
('4E1MF102-5','2023-09-26','02h00','10h40','12h40','TD11 - Informatique S1','TD','L1'),
('4E1MF101-6','2023-09-26','02h00','10h40','12h40','Mathématiques S1','CM','L1'),
('4E1MF102-6','2023-09-26','02h00','13h30','15h30','TD06 - Informatique S1','TD','L1'),
('4E1MF101-7','2023-09-26','02h00','13h30','15h30','TD09 - Mathématiques S1','TD','L1'),
('4E1MF102-7','2023-09-27','02h00','10h40','12h40','TD08 - Informatique S1','TD','L1'),
('4E1MF101-8','2023-09-27','02h00','10h40','12h40','TD07 - Mathématiques S1','TD','L1'),
('4E1MF102-8','2023-09-27','02h00','13h30','15h30','TD07 - Informatique S1','TD','L1'),
('4E1MF101-9','2023-09-27','02h00','13h30','15h30','TD10 - Mathématiques S1','TD','L1'),
('4E1MF102-9','2023-09-28','02h00','08h30','10h30','TD08 - Informatique S1','TD','L1'),
('4E1MF102-10','2023-09-28','02h00','10h40','12h40','TD10 - Informatique S1','TD','L1'),
('4E1MF101-10','2023-09-28','02h00','10h40','12h40','TD09 - Mathématiques S1','TD','L1'),
('4E1MF102-11','2023-09-28','02h00','13h30','15h30','TD09 - Informatique S1','TD','L1'),
('4E1MF101-11','2023-09-28','02h00','13h30','15h30','TD08 - Mathématiques S1','TD','L1'),
('4E1MF102-12','2023-09-29','02h00','08h30','10h30','Informatique S1','CM','L1'),
('4E1MF102-13','2023-09-29','02h00','10h40','12h40','TD09 - Informatique S1','TD','L1'),
('4E1MF101-12','2023-09-29','02h00','10h40','12h40','TD10 - Mathématiques S1','TD','L1'),
('4E1MF102-14','2023-09-29','02h00','13h30','15h30','TD10 - Informatique S1','TD','L1'),
('4E1MF102-15','2023-10-02','02h00','10h40','12h40','TD07 - Informatique S1','TD','L1'),
('4E1MF101-13','2023-10-02','02h00','10h40','12h40','TD06 - Mathématiques S1','TD','L1'),
('4E1MF101-14','2023-10-02','02h00','10h40','12h40','TD08 - Mathématiques S1','TD','L1'),
('4E1MF102-16','2023-10-02','02h00','13h30','15h30','TD11 - Informatique S1','TD','L1'),
('4E1MF101-15','2023-10-02','02h00','13h30','15h30','TD07 - Mathématiques S1','TD','L1'),
('4E1MF102-17','2023-10-02','02h00','15h40','17h40','TD06 - Informatique S1','TD','L1'),
('4E1MF101-16','2023-10-03','02h00','08h30','10h30','TD06 - Mathématiques S1','TD','L1'),
('4E1MF102-18','2023-10-03','02h00','10h40','12h40','TD11 - Informatique S1','TD','L1'),
('4E1MF101-17','2023-10-03','02h00','10h40','12h40','Mathématiques S1','CM','L1'),
('4E1MF102-19','2023-10-03','02h00','13h30','15h30','TD06 - Informatique S1','TD','L1'),
('4E1MF101-18','2023-10-03','02h00','13h30','15h30','TD09 - Mathématiques S1','TD','L1'),
('4E1MF102-20','2023-10-04','02h00','10h40','12h40','TD08 - Informatique S1','TD','L1'),
('4E1MF101-19','2023-10-04','02h00','10h40','12h40','TD07 - Mathématiques S1','TD','L1'),
('4E1MF102-21','2023-10-04','02h00','13h30','15h30','TD07 - Informatique S1','TD','L1'),
('4E1MF101-20','2023-10-04','02h00','13h30','15h30','TD10 - Mathématiques S1','TD','L1'),
('4E1MF102-22','2023-10-05','02h00','08h30','10h30','TD08 - Informatique S1','TD','L1'),
('4E1CI105-1','2023-10-05','02h30','10h30','13h00','Atelier de Mathématique (initiation au calcul numérique)','TD','L1'),
('4E1MF102-23','2023-10-05','02h00','10h40','12h40','TD10 - Informatique S1','TD','L1'),
('4E1MF101-21','2023-10-05','02h00','10h40','12h40','TD09 - Mathématiques S1','TD','L1'),
('4E1MF102-24','2023-10-05','02h00','13h30','15h30','TD09 - Informatique S1','TD','L1'),
('4E1MF101-22','2023-10-05','02h00','13h30','15h30','TD08 - Mathématiques S1','TD','L1'),
('4E1MF102-25','2023-10-06','02h00','08h30','10h30','Informatique S1','CM','L1'),
('4E1MF102-26','2023-10-06','02h00','10h40','12h40','TD09 - Informatique S1','TD','L1'),
('4E1MF101-23','2023-10-06','02h00','10h40','12h40','TD10 - Mathématiques S1','TD','L1'),
('4E1MF102-27','2023-10-06','02h00','13h30','15h30','TD10 - Informatique S1','TD','L1'),
('4E1MF102-28','2023-10-09','02h00','10h40','12h40','TD07 - Informatique S1','TD','L1'),
('4E1MF101-24','2023-10-09','02h00','10h40','12h40','TD06 - Mathématiques S1','TD','L1'),
('4E1MF101-25','2023-10-09','02h00','10h40','12h40','TD08 - Mathématiques S1','TD','L1'),
('4E1MF102-29','2023-10-09','02h00','13h30','15h30','TD11 - Informatique S1','TD','L1'),
('4E1MF101-26','2023-10-09','02h00','13h30','15h30','TD07 - Mathématiques S1','TD','L1'),
('4E1MF102-30','2023-10-09','02h00','15h40','17h40','TD06 - Informatique S1','TD','L1'),
('4E1MF101-27','2023-10-10','02h00','08h30','10h30','TD06 - Mathématiques S1','TD','L1'),
('4E1MF102-31','2023-10-10','02h00','10h40','12h40','TD11 - Informatique S1','TD','L1'),
('4E1MF101-28','2023-10-10','02h00','10h40','12h40','Mathématiques S1','CM','L1'),
('4E1MF102-32','2023-10-10','02h00','13h30','15h30','TD06 - Informatique S1','TD','L1'),
('4E1MF101-29','2023-10-10','02h00','13h30','15h30','TD09 - Mathématiques S1','TD','L1'),
('4E1MF102-33','2023-10-11','02h00','10h40','12h40','TD08 - Informatique S1','TD','L1'),
('4E1MF101-30','2023-10-11','02h00','10h40','12h40','TD07 - Mathématiques S1','TD','L1'),
('4E1MF102-34','2023-10-11','02h00','13h30','15h30','TD07 - Informatique S1','TD','L1'),
('4E1MF101-31','2023-10-11','02h00','13h30','15h30','TD10 - Mathématiques S1','TD','L1'),
('4E1MF102-35','2023-10-12','02h00','08h30','10h30','TD08 - Informatique S1','TD','L1'),
('4E1CI105-2','2023-10-12','02h30','10h30','13h00','Atelier de Mathématique (initiation au calcul numérique)','TD','L1'),
('4E1MF102-36','2023-10-12','02h00','10h40','12h40','TD10 - Informatique S1','TD','L1'),
('4E1MF101-32','2023-10-12','02h00','10h40','12h40','TD09 - Mathématiques S1','TD','L1'),
('4E1MF102-37','2023-10-12','02h00','13h30','15h30','TD09 - Informatique S1','TD','L1'),
('4E1MF101-33','2023-10-12','02h00','13h30','15h30','TD08 - Mathématiques S1','TD','L1'),
('4E1MF102-38','2023-10-13','02h00','08h30','10h30','Informatique S1','CM','L1'),
('4E1MF102-39','2023-10-13','02h00','10h40','12h40','TD09 - Informatique S1','TD','L1'),
('4E1MF101-34','2023-10-13','02h00','10h40','12h40','TD10 - Mathématiques S1','TD','L1'),
('4E1MF102-40','2023-10-13','02h00','13h30','15h30','TD10 - Informatique S1','TD','L1'),
('4E1MF102-41','2023-10-16','02h00','10h40','12h40','TD07 - Informatique S1','TD','L1'),
('4E1MF101-35','2023-10-16','02h00','10h40','12h40','TD06 - Mathématiques S1','TD','L1'),
('4E1MF101-36','2023-10-16','02h00','10h40','12h40','TD08 - Mathématiques S1','TD','L1'),
('4E1MF102-42','2023-10-16','02h00','13h30','15h30','TD11 - Informatique S1','TD','L1'),
('4E1MF101-37','2023-10-16','02h00','13h30','15h30','TD07 - Mathématiques S1','TD','L1'),
('4E1MF102-43','2023-10-16','02h00','15h40','17h40','TD06 - Informatique S1','TD','L1'),
('4E1MF101-38','2023-10-17','02h00','08h30','10h30','TD06 - Mathématiques S1','TD','L1'),
('4E1MF102-44','2023-10-17','02h00','10h40','12h40','TD11 - Informatique S1','TD','L1'),
('4E1MF101-39','2023-10-17','02h00','10h40','12h40','Mathématiques S1','CM','L1'),
('4E1MF102-45','2023-10-17','02h00','13h30','15h30','TD06 - Informatique S1','TD','L1'),
('4E1MF101-40','2023-10-17','02h00','13h30','15h30','TD09 - Mathématiques S1','TD','L1'),
('4E1MF102-46','2023-10-18','02h00','10h40','12h40','TD08 - Informatique S1','TD','L1'),
('4E1MF101-41','2023-10-18','02h00','10h40','12h40','TD07 - Mathématiques S1','TD','L1'),
('4E1MF102-47','2023-10-18','02h00','13h30','15h30','TD07 - Informatique S1','TD','L1'),
('4E1MF101-42','2023-10-18','02h00','13h30','15h30','TD10 - Mathématiques S1','TD','L1'),
('4E1MF102-48','2023-10-19','02h00','08h30','10h30','TD08 - Informatique S1','TD','L1'),
('4E1CI105-3','2023-10-19','02h30','10h30','13h00','Atelier de Mathématique (initiation au calcul numérique)','TD','L1'),
('4E1MF102-49','2023-10-19','02h00','10h40','12h40','TD10 - Informatique S1','TD','L1'),
('4E1MF101-43','2023-10-19','02h00','10h40','12h40','TD09 - Mathématiques S1','TD','L1'),
('4E1MF102-50','2023-10-19','02h00','13h30','15h30','TD09 - Informatique S1','TD','L1'),
('4E1MF101-44','2023-10-19','02h00','13h30','15h30','TD08 - Mathématiques S1','TD','L1'),
('4E1MF102-51','2023-10-20','02h00','08h30','10h30','Informatique S1','CM','L1'),
('4E1MF102-52','2023-10-20','02h00','10h40','12h40','TD09 - Informatique S1','TD','L1'),
('4E1MF101-45','2023-10-20','02h00','10h40','12h40','TD10 - Mathématiques S1','TD','L1'),
('4E1MF102-53','2023-10-20','02h00','13h30','15h30','TD10 - Informatique S1','TD','L1'),
('4E1MF102-54','2023-10-23','02h00','10h40','12h40','TD07 - Informatique S1','TD','L1'),
('4E1MF101-46','2023-10-23','02h00','10h40','12h40','TD06 - Mathématiques S1','TD','L1'),
('4E1MF101-47','2023-10-23','02h00','10h40','12h40','TD08 - Mathématiques S1','TD','L1'),
('4E1MF102-55','2023-10-23','02h00','13h30','15h30','TD11 - Informatique S1','TD','L1'),
('4E1MF101-48','2023-10-23','02h00','13h30','15h30','TD07 - Mathématiques S1','TD','L1'),
('4E1MF102-56','2023-10-23','02h00','15h40','17h40','TD06 - Informatique S1','TD','L1'),
('4E1MF101-49','2023-10-24','02h00','08h30','10h30','TD06 - Mathématiques S1','TD','L1'),
('4E1MF102-57','2023-10-24','02h00','10h40','12h40','TD11 - Informatique S1','TD','L1'),
('4E1MF101-50','2023-10-24','02h00','10h40','12h40','Mathématiques S1','CM','L1'),
('4E1MF102-58','2023-10-24','02h00','13h30','15h30','TD06 - Informatique S1','TD','L1'),
('4E1MF101-51','2023-10-24','02h00','13h30','15h30','TD09 - Mathématiques S1','TD','L1'),
('4E1MF102-59','2023-10-25','02h00','10h40','12h40','TD08 - Informatique S1','TD','L1'),
('4E1MF101-52','2023-10-25','02h00','10h40','12h40','TD07 - Mathématiques S1','TD','L1'),
('4E1MF102-60','2023-10-25','02h00','13h30','15h30','TD07 - Informatique S1','TD','L1'),
('4E1MF101-53','2023-10-25','02h00','13h30','15h30','TD10 - Mathématiques S1','TD','L1'),
('4E1MF102-61','2023-10-26','02h00','08h30','10h30','TD08 - Informatique S1','TD','L1'),
('4E1MF102-62','2023-10-26','02h00','10h40','12h40','TD10 - Informatique S1','TD','L1'),
('4E1MF101-54','2023-10-26','02h00','10h40','12h40','TD09 - Mathématiques S1','TD','L1'),
('4E1MF102-63','2023-10-26','02h00','13h30','15h30','TD09 - Informatique S1','TD','L1'),
('4E1MF101-55','2023-10-26','02h00','13h30','15h30','TD08 - Mathématiques S1','TD','L1'),
('4E1MF102-64','2023-10-27','02h00','08h30','10h30','Informatique S1','CM','L1'),
('4E1MF102-65','2023-10-27','02h00','10h40','12h40','TD09 - Informatique S1','TD','L1'),
('4E1MF101-56','2023-10-27','02h00','10h40','12h40','TD10 - Mathématiques S1','TD','L1'),
('4E1MF102-66','2023-10-27','02h00','13h30','15h30','TD10 - Informatique S1','TD','L1'),
('4E1MF102-67','2023-11-06','02h00','10h40','12h40','TD07 - Informatique S1','TD','L1'),
('4E1MF101-57','2023-11-06','02h00','10h40','12h40','TD06 - Mathématiques S1','TD','L1'),
('4E1MF101-58','2023-11-06','02h00','10h40','12h40','TD08 - Mathématiques S1','TD','L1'),
('4E1MF102-68','2023-11-06','02h00','13h30','15h30','TD11 - Informatique S1','TD','L1'),
('4E1MF101-59','2023-11-06','02h00','13h30','15h30','TD07 - Mathématiques S1','TD','L1'),
('4E1MF102-69','2023-11-06','02h00','15h40','17h40','TD06 - Informatique S1','TD','L1'),
('4E1MF101-60','2023-11-07','02h00','08h30','10h30','Mathématiques S1','CM','L1'),
('4E1MF102-70','2023-11-07','02h00','10h40','12h40','TD11 - Informatique S1','TD','L1'),
('4E1MF101-61','2023-11-07','02h00','10h40','12h40','Mathématiques S1','CM','L1'),
('4E1MF102-71','2023-11-07','02h00','13h30','15h30','TD06 - Informatique S1','TD','L1'),
('4E1MF101-62','2023-11-07','02h00','13h30','15h30','TD09 - Mathématiques S1','TD','L1'),
('4E1MF102-72','2023-11-08','02h00','10h40','12h40','TD08 - Informatique S1','TD','L1'),
('4E1MF101-63','2023-11-08','02h00','10h40','12h40','TD06 - Mathématiques S1','TD','L1'),
('4E1MF101-64','2023-11-08','02h00','10h40','12h40','TD07 - Mathématiques S1','TD','L1'),
('4E1MF102-73','2023-11-08','02h00','13h30','15h30','TD07 - Informatique S1','TD','L1'),
('4E1MF101-65','2023-11-08','02h00','13h30','15h30','TD09 - Mathématiques S1','TD','L1'),
('4E1MF101-66','2023-11-08','02h00','13h30','15h30','TD10 - Mathématiques S1','TD','L1'),
('4E1MF102-74','2023-11-09','02h00','08h30','10h30','TD08 - Informatique S1','TD','L1'),
('4E1MF102-75','2023-11-09','02h00','10h40','12h40','TD10 - Informatique S1','TD','L1'),
('4E1MF101-67','2023-11-09','02h00','10h40','12h40','TD09 - Mathématiques S1','TD','L1'),
('4E1MF102-76','2023-11-09','02h00','13h30','15h30','TD09 - Informatique S1','TD','L1'),
('4E1MF101-68','2023-11-09','02h00','13h30','15h30','TD08 - Mathématiques S1','TD','L1'),
('4E1MF102-77','2023-11-10','02h00','08h30','10h30','Informatique S1','CM','L1'),
('4E1MF102-78','2023-11-10','02h00','10h40','12h40','TD09 - Informatique S1','TD','L1'),
('4E1MF101-69','2023-11-10','02h00','10h40','12h40','TD10 - Mathématiques S1','TD','L1'),
('4E1MF102-79','2023-11-10','02h00','13h30','15h30','TD10 - Informatique S1','TD','L1'),
('4E1MF102-80','2023-11-13','02h00','10h40','12h40','TD07 - Informatique S1','TD','L1'),
('4E1MF101-70','2023-11-13','02h00','10h40','12h40','TD06 - Mathématiques S1','TD','L1'),
('4E1MF101-71','2023-11-13','02h00','10h40','12h40','TD08 - Mathématiques S1','TD','L1'),
('4E1MF102-81','2023-11-13','02h00','13h30','15h30','TD11 - Informatique S1','TD','L1'),
('4E1MF101-72','2023-11-13','02h00','13h30','15h30','TD07 - Mathématiques S1','TD','L1'),
('4E1MF102-82','2023-11-13','02h00','15h40','17h40','TD06 - Informatique S1','TD','L1'),
('4E1MF102-83','2023-11-14','02h00','10h40','12h40','TD11 - Informatique S1','TD','L1'),
('4E1MF101-73','2023-11-14','02h00','10h40','12h40','TD06 - Mathématiques S1','TD','L1'),
('4E1MF102-84','2023-11-14','02h00','13h30','15h30','TD06 - Informatique S1','TD','L1'),
('4E1MF102-85','2023-11-15','02h00','10h40','12h40','TD08 - Informatique S1','TD','L1'),
('4E1MF101-74','2023-11-15','02h00','10h40','12h40','TD07 - Mathématiques S1','TD','L1'),
('4E1MF102-86','2023-11-15','02h00','13h30','15h30','TD07 - Informatique S1','TD','L1'),
('4E1MF101-75','2023-11-15','02h00','13h30','15h30','TD10 - Mathématiques S1','TD','L1'),
('4E1MF102-87','2023-11-16','02h00','08h30','10h30','TD08 - Informatique S1','TD','L1'),
('4E1MF102-88','2023-11-16','02h00','10h40','12h40','TD10 - Informatique S1','TD','L1'),
('4E1MF102-89','2023-11-16','02h00','13h30','15h30','TD09 - Informatique S1','TD','L1'),
('4E1MF101-76','2023-11-16','02h00','13h30','15h30','TD08 - Mathématiques S1','TD','L1'),
('4E1MF102-90','2023-11-17','02h00','08h30','10h30','Informatique S1','CM','L1'),
('4E1MF102-91','2023-11-17','02h00','10h40','12h40','TD09 - Informatique S1','TD','L1'),
('4E1MF101-77','2023-11-17','02h00','10h40','12h40','TD10 - Mathématiques S1','TD','L1'),
('4E1MF102-92','2023-11-17','02h00','13h30','15h30','TD10 - Informatique S1','TD','L1'),
('4E1MF102-93','2023-11-20','02h00','10h40','12h40','TD07 - Informatique S1','TD','L1'),
('4E1MF101-78','2023-11-20','02h00','10h40','12h40','TD06 - Mathématiques S1','TD','L1'),
('4E1MF101-79','2023-11-20','02h00','10h40','12h40','TD08 - Mathématiques S1','TD','L1'),
('4E1MF102-94','2023-11-20','02h00','13h30','15h30','TD11 - Informatique S1','TD','L1'),
('4E1MF101-80','2023-11-20','02h00','13h30','15h30','TD07 - Mathématiques S1','TD','L1'),
('4E1MF102-95','2023-11-20','02h00','15h40','17h40','TD06 - Informatique S1','TD','L1'),
('4E1MF101-81','2023-11-21','02h00','08h30','10h30','TD06 - Mathématiques S1','TD','L1'),
('4E1MF102-96','2023-11-21','02h00','10h40','12h40','TD11 - Informatique S1','TD','L1'),
('4E1MF101-82','2023-11-21','02h00','10h40','12h40','Mathématiques S1','CM','L1'),
('4E1MF102-97','2023-11-21','02h00','13h30','15h30','TD06 - Informatique S1','TD','L1'),
('4E1MF101-83','2023-11-21','02h00','13h30','15h30','TD09 - Mathématiques S1','TD','L1'),
('4E1MF102-98','2023-11-22','02h00','10h40','12h40','TD08 - Informatique S1','TD','L1'),
('4E1MF101-84','2023-11-22','02h00','10h40','12h40','TD07 - Mathématiques S1','TD','L1'),
('4E1MF102-99','2023-11-22','02h00','13h30','15h30','TD07 - Informatique S1','TD','L1'),
('4E1MF101-85','2023-11-22','02h00','13h30','15h30','TD10 - Mathématiques S1','TD','L1'),
('4E1MF102-100','2023-11-23','02h00','08h30','10h30','TD08 - Informatique S1','TD','L1'),
('4E1MF102-101','2023-11-23','02h00','10h40','12h40','TD10 - Informatique S1','TD','L1'),
('4E1MF101-86','2023-11-23','02h00','10h40','12h40','TD09 - Mathématiques S1','TD','L1'),
('4E1MF102-102','2023-11-23','02h00','13h30','15h30','TD09 - Informatique S1','TD','L1'),
('4E1MF101-87','2023-11-23','02h00','13h30','15h30','TD08 - Mathématiques S1','TD','L1'),
('4E1MF102-103','2023-11-24','02h00','08h30','10h30','Informatique S1','CM','L1'),
('4E1MF102-104','2023-11-24','02h00','10h40','12h40','TD09 - Informatique S1','TD','L1'),
('4E1MF101-88','2023-11-24','02h00','10h40','12h40','TD10 - Mathématiques S1','TD','L1'),
('4E1MF102-105','2023-11-24','02h00','13h30','15h30','TD10 - Informatique S1','TD','L1'),
('4E1MF101-89','2023-11-24','02h00','13h30','15h30','TD09 - Mathématiques S1','TD','L1'),
('4E1MF102-106','2023-11-27','02h00','10h40','12h40','TD07 - Informatique S1','TD','L1'),
('4E1MF101-90','2023-11-27','02h00','10h40','12h40','TD06 - Mathématiques S1','TD','L1'),
('4E1MF101-91','2023-11-27','02h00','10h40','12h40','TD08 - Mathématiques S1','TD','L1'),
('4E1MF102-107','2023-11-27','02h00','13h30','15h30','TD11 - Informatique S1','TD','L1'),
('4E1MF101-92','2023-11-27','02h00','13h30','15h30','TD07 - Mathématiques S1','TD','L1'),
('4E1MF102-108','2023-11-27','02h00','15h40','17h40','TD06 - Informatique S1','TD','L1'),
('4E1MF101-93','2023-11-28','02h00','08h30','10h30','TD06 - Mathématiques S1','TD','L1'),
('4E1MF102-109','2023-11-28','02h00','10h40','12h40','TD11 - Informatique S1','TD','L1'),
('4E1MF101-94','2023-11-28','02h00','10h40','12h40','Mathématiques S1','CM','L1'),
('4E1MF102-110','2023-11-28','02h00','13h30','15h30','TD06 - Informatique S1','TD','L1'),
('4E1MF101-95','2023-11-28','02h00','13h30','15h30','TD09 - Mathématiques S1','TD','L1'),
('4E1MF102-111','2023-11-29','02h00','10h40','12h40','TD08 - Informatique S1','TD','L1'),
('4E1MF101-96','2023-11-29','02h00','10h40','12h40','TD07 - Mathématiques S1','TD','L1'),
('4E1MF102-112','2023-11-29','02h00','13h30','15h30','TD07 - Informatique S1','TD','L1'),
('4E1MF101-97','2023-11-29','02h00','13h30','15h30','TD10 - Mathématiques S1','TD','L1'),
('4E1MF102-113','2023-11-30','02h00','08h30','10h30','TD08 - Informatique S1','TD','L1'),
('4E1MF102-114','2023-11-30','02h00','10h40','12h40','TD10 - Informatique S1','TD','L1'),
('4E1MF101-98','2023-11-30','02h00','10h40','12h40','TD09 - Mathématiques S1','TD','L1'),
('4E1MF102-115','2023-11-30','02h00','13h30','15h30','TD09 - Informatique S1','TD','L1'),
('4E1MF101-99','2023-11-30','02h00','13h30','15h30','TD08 - Mathématiques S1','TD','L1'),
('4E1MF102-116','2023-12-01','02h00','08h30','10h30','Informatique S1','CM','L1'),
('4E1MF102-117','2023-12-01','02h00','10h40','12h40','TD09 - Informatique S1','TD','L1'),
('4E1MF101-100','2023-12-01','02h00','10h40','12h40','TD10 - Mathématiques S1','TD','L1'),
('4E1MF102-118','2023-12-01','02h00','13h30','15h30','TD10 - Informatique S1','TD','L1'),
('4E1MF102-119','2023-12-11','02h00','10h40','12h40','TD07 - Informatique S1','TD','L1'),
('4E1MF101-101','2023-12-11','02h00','10h40','12h40','TD06 - Mathématiques S1','TD','L1'),
('4E1MF101-102','2023-12-11','02h00','10h40','12h40','TD08 - Mathématiques S1','TD','L1'),
('4E1MF102-120','2023-12-11','02h00','13h30','15h30','TD11 - Informatique S1','TD','L1'),
('4E1MF101-103','2023-12-11','02h00','13h30','15h30','TD07 - Mathématiques S1','TD','L1'),
('4E1MF102-121','2023-12-11','02h00','15h40','17h40','TD06 - Informatique S1','TD','L1'),
('4E1MF102-122','2023-12-12','02h00','10h40','12h40','TD11 - Informatique S1','TD','L1'),
('4E1MF102-123','2023-12-12','02h00','13h30','15h30','TD06 - Informatique S1','TD','L1'),
('4E1MF101-104','2023-12-12','02h00','13h30','15h30','TD09 - Mathématiques S1','TD','L1'),
('4E1MF101-105','2023-12-13','02h00','08h30','10h30','TD06 - Mathématiques S1','TD','L1'),
('4E1MF102-124','2023-12-13','02h00','10h40','12h40','TD08 - Informatique S1','TD','L1'),
('4E1MF101-106','2023-12-13','02h00','10h40','12h40','TD07 - Mathématiques S1','TD','L1'),
('4E1MF102-125','2023-12-13','02h00','13h30','15h30','TD07 - Informatique S1','TD','L1'),
('4E1MF101-107','2023-12-13','02h00','13h30','15h30','TD10 - Mathématiques S1','TD','L1'),
('4E1MF102-126','2023-12-14','02h00','08h30','10h30','TD08 - Informatique S1','TD','L1'),
('4E1MF102-127','2023-12-14','02h00','10h40','12h40','TD10 - Informatique S1','TD','L1'),
('4E1MF101-108','2023-12-14','02h00','10h40','12h40','TD09 - Mathématiques S1','TD','L1'),
('4E1MF102-128','2023-12-14','02h00','13h30','15h30','TD09 - Informatique S1','TD','L1'),
('4E1MF101-109','2023-12-14','02h00','13h30','15h30','TD08 - Mathématiques S1','TD','L1'),
('4E1MF102-129','2023-12-15','02h00','10h40','12h40','TD09 - Informatique S1','TD','L1'),
('4E1MF101-110','2023-12-15','02h00','10h40','12h40','TD10 - Mathématiques S1','TD','L1'),
('4E1MF102-130','2023-12-15','02h00','13h30','15h30','TD10 - Informatique S1','TD','L1'),
('4E3MISTE-1','2023-09-12','01h30','11h10','12h40','Sensibilisation à la transition écologique','CM','L2'),
('4E3MF303-1','2023-09-12','01h30','13h30','15h00','Algèbre S3','CM','L2'),
('4E3MF301-1','2023-09-12','02h00','15h40','17h40','Analyse et Probas S3','CM','L2'),
('4E3MISTE-2','2023-09-13','01h30','11h10','12h40','Sensibilisation à la transition écologique','CM','L2'),
('4E3MISTE-3','2023-09-14','01h30','09h00','10h30','Sensibilisation à la transition écologique','CM','L2'),
('4E3MF304-1','2023-09-15','02h00','10h40','12h40','Algorithmique et programmation S3','CM','L2'),
('4E3MF301-2','2023-09-18','02h00','08h30','10h30','G01 - Analyse et Probas S3', 'TD','L2'),
('4E3MF303-2','2023-09-18','01h30','10h40','12h10','G01 - Algèbre S3','TD','L2'),
('4E3MF301-3','2023-09-18','02h00','10h40','12h40','G02 - Analyse et Probas S3','TD','L2'),
('4E3MF303-3','2023-09-18','01h30','13h30','15h00','Algèbre S3','CM','L2'),
('4E3MF301-4','2023-09-18','02h00','15h40','17h40','Analyse et Probas S3','CM','L2'),
('4E3MF304-2','2023-09-19','01h30','10h10','11h40','G03 - Algorithmique et programmation S3','TD','L2'),
('4E3MF303-4','2023-09-19','01h30','11h10','12h40','G01 - Algèbre S3','TD','L2'),
('4E3MF301-5','2023-09-19','02h00','11h10','13h10','G02 - Analyse et Probas S3','TD','L2'),
('4E3MF304-3','2023-09-19','01h30','11h50','13h20','G03 - Algorithmique et programmation S3','TD','L2'),
('4E3MF301-6','2023-09-19','02h00','13h30','15h30','G01 - Analyse et Probas S3', 'TD','L2'),
('4E3MF303-5','2023-09-19','01h30','15h40','17h10','G02 - Algèbre S3','TD','L2'),
('4E3MISTE-4','2023-09-20','01h30','11h10','12h40','Sensibilisation à la transition écologique','CM','L2'),
('4E3MF303-6','2023-09-20','01h30','13h30','15h00','G02 - Algèbre S3','TD','L2'),
('4E3MC305-1','2023-09-21','02h00','08h30','10h30','OS utilisateur','CM','L2'),
('4E3MISTE-5','2023-09-21','01h30','09h00','10h30','Sensibilisation à la transition écologique','CM','L2'),
('4E3MF302-1','2023-09-21','01h30','10h40','12h10','Introduction BD','CM','L2'),
('4E3MF301-7','2023-09-21','02h00','13h30','15h30','G03 - Analyse et Probas S3','TD','L2'),
('4E3MF302-2','2023-09-21','02h00','13h30','15h30','G01 - Introduction BD','TD','L2'),
('4E3MC305-2','2023-09-21','02h00','15h40','17h40','G03 - OS utilisateur','TD','L2'),
('4E3MF304-4','2023-09-22','02h00','10h40','12h40','Algorithmique et programmation S3','CM','L2'),
('4E3MF301-8','2023-09-22','02h00','13h30','15h30','G03 - Analyse et Probas S3','TD','L2'),
('4E3MF304-5','2023-09-22','01h30','14h00','15h30','G05 - Algorithmique et programmation S3','TD','L2'),
('4E3MF304-6','2023-09-22','01h30','15h40','17h10','G05 - Algorithmique et programmation S3','TD','L2'),
('4E3MF301-9','2023-09-25','02h00','08h30','10h30','G01 - Analyse et Probas S3', 'TD','L2'),
('4E3MF303-7','2023-09-25','01h30','10h40','12h10','G01 - Algèbre S3','TD','L2'),
('4E3MF301-10','2023-09-25','02h00','10h40','12h40','G02 - Analyse et Probas S3','TD','L2'),
('4E3MF303-8','2023-09-25','01h30','13h30','15h00','Algèbre S3','CM','L2'),
('4E3MF302-3','2023-09-25','02h00','13h30','15h30','G03 - Introduction BD','TD','L2'),
('4E3MF301-11','2023-09-25','02h00','15h40','17h40','Analyse et Probas S3','CM','L2'),
('4E3MF304-7','2023-09-26','01h30','10h10','11h40','G03 - Algorithmique et programmation S3','TD','L2'),
('4E3MF303-9','2023-09-26','01h30','11h10','12h40','G01 - Algèbre S3','TD','L2'),
('4E3MF301-12','2023-09-26','02h00','11h10','13h10','G02 - Analyse et Probas S3','TD','L2'),
('4E3MF304-8','2023-09-26','01h30','11h50','13h20','G03 - Algorithmique et programmation S3','TD','L2'),
('4E3MF301-13','2023-09-26','02h00','13h30','15h30','G01 - Analyse et Probas S3', 'TD','L2'),
('4E3MF303-10','2023-09-26','01h30','15h40','17h10','G02 - Algèbre S3','TD','L2'),
('4E3MF302-4','2023-09-27','02h00','11h20','13h20','G01 - Introduction BD','TD','L2'),
('4E3MF303-11','2023-09-27','01h30','15h40','17h10','G02 - Algèbre S3','TD','L2'),
('4E3MC305-3','2023-09-28','02h00','08h30','10h30','OS utilisateur','CM','L2'),
('4E3MF302-5','2023-09-28','01h30','10h40','12h10','Introduction BD','CM','L2'),
('4E3MISTE-6','2023-09-28','01h30','12h20','13h50','Sensibilisation à la transition écologique','CM','L2'),
('4E3MF301-14','2023-09-28','02h00','13h30','15h30','G03 - Analyse et Probas S3','TD','L2'),
('4E3MC305-4','2023-09-28','02h00','15h40','17h40','G03 - OS utilisateur','TD','L2'),
('4E3MF304-9','2023-09-29','02h00','10h40','12h40','Algorithmique et programmation S3','CM','L2'),
('4E3MF301-15','2023-09-29','02h00','13h30','15h30','G03 - Analyse et Probas S3','TD','L2'),
('4E3MF304-10','2023-09-29','01h30','14h00','15h30','G05 - Algorithmique et programmation S3','TD','L2'),
('4E3MF304-11','2023-09-29','01h30','15h40','17h10','G05 - Algorithmique et programmation S3','TD','L2'),
('4E3MF301-16','2023-10-02','02h00','08h30','10h30','G01 - Analyse et Probas S3', 'TD','L2'),
('4E3MF303-12','2023-10-02','01h30','10h40','12h10','G01 - Algèbre S3','TD','L2'),
('4E3MF301-17','2023-10-02','02h00','10h40','12h40','G02 - Analyse et Probas S3','TD','L2'),
('4E3MF303-13','2023-10-02','01h30','13h30','15h00','Algèbre S3','CM','L2'),
('4E3MF302-6','2023-10-02','02h00','13h30','15h30','G03 - Introduction BD','TD','L2'),
('4E3MF301-18','2023-10-02','02h00','15h40','17h40','Analyse et Probas S3','CM','L2'),
('4E3MF304-12','2023-10-03','01h30','10h10','11h40','G03 - Algorithmique et programmation S3','TD','L2'),
('4E3MF303-14','2023-10-03','01h30','11h10','12h40','G01 - Algèbre S3','TD','L2'),
('4E3MF301-19','2023-10-03','02h00','11h10','13h10','G02 - Analyse et Probas S3','TD','L2'),
('4E3MF304-13','2023-10-03','01h30','11h50','13h20','G03 - Algorithmique et programmation S3','TD','L2'),
('4E3MF301-20','2023-10-03','02h00','13h30','15h30','G01 - Analyse et Probas S3', 'TD','L2'),
('4E3MF303-15','2023-10-03','01h30','15h40','17h10','G02 - Algèbre S3','TD','L2'),
('4E3MF303-16','2023-10-04','01h30','11h10','12h40','G02 - Algèbre S3','TD','L2'),
('4E3MC305-5','2023-10-05','02h00','08h30','10h30','OS utilisateur','CM','L2'),
('4E3MF302-7','2023-10-05','01h30','10h40','12h10','Introduction BD','CM','L2'),
('4E3MF301-21','2023-10-05','02h00','13h30','15h30','G03 - Analyse et Probas S3','TD','L2'),
('4E3MF302-8','2023-10-05','02h00','13h30','15h30','G01 - Introduction BD','TD','L2'),
('4E3MC305-6','2023-10-05','02h00','15h40','17h40','G03 - OS utilisateur','TD','L2'),
('4E3MF304-14','2023-10-06','02h00','10h40','12h40','Algorithmique et programmation S3','CM','L2'),
('4E3MF301-22','2023-10-06','02h00','13h30','15h30','G03 - Analyse et Probas S3','TD','L2'),
('4E3MF304-15','2023-10-06','01h30','14h00','15h30','G05 - Algorithmique et programmation S3','TD','L2'),
('4E3MF304-16','2023-10-06','01h30','15h40','17h10','G05 - Algorithmique et programmation S3','TD','L2'),
('4E3MF301-23','2023-10-09','02h00','08h30','10h30','G01 - Analyse et Probas S3', 'TD','L2'),
('4E3MF303-17','2023-10-09','01h30','10h40','12h10','G01 - Algèbre S3','TD','L2'),
('4E3MF301-24','2023-10-09','02h00','10h40','12h40','G02 - Analyse et Probas S3','TD','L2'),
('4E3MF303-18','2023-10-09','01h30','13h30','15h00','Algèbre S3','CM','L2'),
('4E3MF302-9','2023-10-09','02h00','13h30','15h30','G02 - Introduction BD','TD','L2'),
('4E3MF302-10','2023-10-09','02h00','13h30','15h30','G03 - Introduction BD','TD','L2'),
('4E3MF301-25','2023-10-09','02h00','15h40','17h40','Analyse et Probas S3','CM','L2'),
('4E3MF304-17','2023-10-10','01h30','10h10','11h40','G03 - Algorithmique et programmation S3','TD','L2'),
('4E3MF303-19','2023-10-10','01h30','11h10','12h40','G01 - Algèbre S3','TD','L2'),
('4E3MF301-27','2023-10-10','02h00','11h10','13h10','G02 - Analyse et Probas S3','TD','L2'),
('4E3MF304-18','2023-10-10','01h30','11h50','13h20','G03 - Algorithmique et programmation S3','TD','L2'),
('4E3MF301-28','2023-10-10','02h00','13h30','15h30','G01 - Analyse et Probas S3', 'TD','L2'),
('4E3MF303-20','2023-10-10','01h30','15h40','17h10','G02 - Algèbre S3','TD','L2'),
('4E3MF303-21','2023-10-11','01h30','11h10','12h40','G02 - Algèbre S3','TD','L2'),
('4E3MC305-7','2023-10-12','02h00','08h30','10h30','OS utilisateur','CM','L2'),
('4E3MF302-11','2023-10-12','01h30','10h40','12h10','Introduction BD','CM','L2'),
('4E3MF301-29','2023-10-12','02h00','13h30','15h30','G03 - Analyse et Probas S3','TD','L2'),
('4E3MF302-12','2023-10-12','02h00','13h30','15h30','G01 - Introduction BD','TD','L2'),
('4E3MC305-8','2023-10-12','02h00','15h40','17h40','G03 - OS utilisateur','TD','L2'),
('4E3MF304-19','2023-10-13','02h00','10h40','12h40','Algorithmique et programmation S3','CM','L2'),
('4E3MF301-30','2023-10-13','02h00','13h30','15h30','G03 - Analyse et Probas S3','TD','L2'),
('4E3MF304-20','2023-10-13','01h30','14h00','15h30','G05 - Algorithmique et programmation S3','TD','L2'),
('4E3MF304-21','2023-10-13','01h30','15h40','17h10','G05 - Algorithmique et programmation S3','TD','L2'),
('4E3MF301-31','2023-10-16','02h00','08h30','10h30','G01 - Analyse et Probas S3', 'TD','L2'),
('4E3MF303-22','2023-10-16','01h30','10h40','12h10','G01 - Algèbre S3','TD','L2'),
('4E3MF301-32','2023-10-16','02h00','10h40','12h40','G02 - Analyse et Probas S3','TD','L2'),
('4E3MF303-23','2023-10-16','01h30','13h30','15h00','Algèbre S3','CM','L2'),
('4E3MF302-13','2023-10-16','02h00','13h30','15h30','G02 - Introduction BD','TD','L2'),
('4E3MF302-14','2023-10-16','02h00','13h30','15h30','G03 - Introduction BD','TD','L2'),
('4E3MF301-33','2023-10-16','02h00','15h40','17h40','Analyse et Probas S3','CM','L2'),
('4E3MF304-22','2023-10-17','01h30','10h10','11h40','G03 - Algorithmique et programmation S3','TD','L2'),
('4E3MF303-24','2023-10-17','01h30','11h10','12h40','G01 - Algèbre S3','TD','L2'),
('4E3MF301-34','2023-10-17','02h00','11h10','13h10','G02 - Analyse et Probas S3','TD','L2'),
('4E3MF304-23','2023-10-17','01h30','11h50','13h20','G03 - Algorithmique et programmation S3','TD','L2'),
('4E3MF301-35','2023-10-17','02h00','13h30','15h30','G01 - Analyse et Probas S3', 'TD', 'L2'),
('4E3MF303-25','2023-10-17','01h30','15h40','17h10','G02 - Algèbre S3','TD','L2'),
('4E3MF303-26','2023-10-18','01h30','11h10','12h40','G02 - Algèbre S3','TD','L2'),
('4E3MC305-9','2023-10-19','02h00','08h30','10h30','OS utilisateur','CM','L2'),
('4E3MF302-15','2023-10-19','01h30','10h40','12h10','Introduction BD','CM','L2'),
('4E3MF301-36','2023-10-19','02h00','13h30','15h30','G03 - Analyse et Probas S3','TD','L2'),
('4E3MF302-16','2023-10-19','02h00','13h30','15h30','G01 - Introduction BD','TD','L2'),
('4E3MC305-10','2023-10-19','02h00','15h40','17h40','G03 - OS utilisateur','TD','L2'),
('4E3MF304-24','2023-10-20','02h00','10h40','12h40','Algorithmique et programmation S3','CM','L2'),
('4E3MF301-37','2023-10-20','02h00','13h30','15h30','G03 - Analyse et Probas S3','TD','L2'),
('4E3MF304-25','2023-10-20','01h30','14h00','15h30','G05 - Algorithmique et programmation S3','TD','L2'),
('4E3MF304-26','2023-10-20','01h30','15h40','17h10','G05 - Algorithmique et programmation S3','TD','L2'),
('4E3MF301-38','2023-10-23','02h00','08h30','10h30','G01 - Analyse et Probas S3', 'TD','L2'),
('4E3MF303-29','2023-10-23','01h30','10h40','12h10','G01 - Algèbre S3','TD','L2'),
('4E3MF301-39','2023-10-23','02h00','10h40','12h40','G02 - Analyse et Probas S3','TD','L2'),
('4E3MF303-30','2023-10-23','01h30','13h30','15h00','Algèbre S3','CM','L2'),
('4E3MF302-17','2023-10-23','02h00','13h30','15h30','G02 - Introduction BD','TD','L2'),
('4E3MF302-18','2023-10-23','02h00','13h30','15h30','G03 - Introduction BD','TD','L2'),
('4E3MF301-40','2023-10-23','02h00','15h40','17h40','Analyse et Probas S3','CM','L2'),
('4E3MF304-27','2023-10-24','01h30','10h10','11h40','G03 - Algorithmique et programmation S3','TD','L2'),
('4E3MF303-31','2023-10-24','01h30','11h10','12h40','G01 - Algèbre S3','TD','L2'),
('4E3MF301-41','2023-10-24','02h00','11h10','13h10','G02 - Analyse et Probas S3','TD','L2'),
('4E3MF304-28','2023-10-24','01h30','11h50','13h20','G03 - Algorithmique et programmation S3','TD','L2'),
('4E3MF301-42','2023-10-24','02h00','13h30','15h30','G01 - Analyse et Probas S3', 'TD','L2'),
('4E3MF303-32','2023-10-24','01h30','15h40','17h10','G02 - Algèbre S3','TD','L2'),
('4E3MF303-33','2023-10-25','01h30','11h10','12h40','G02 - Algèbre S3','TD','L2'),
('4E3MC305-11','2023-10-26','02h00','08h30','10h30','OS utilisateur','CM','L2'),
('4E3MF302-19','2023-10-26','01h30','10h40','12h10','Introduction BD','CM','L2'),
('4E3MF301-43','2023-10-26','02h00','13h30','15h30','G03 - Analyse et Probas S3','TD','L2'),
('4E3MF302-20','2023-10-26','02h00','13h30','15h30','G01 - Introduction BD','TD','L2'),
('4E3MC305-12','2023-10-26','02h00','15h40','17h40','G03 - OS utilisateur','TD','L2'),
('4E3MF304-29','2023-10-27','02h00','10h40','12h40','Algorithmique et programmation S3','CM','L2'),
('4E3MF301-44','2023-10-27','02h00','13h30','15h30','G03 - Analyse et Probas S3','TD','L2'),
('4E3MF304-30','2023-10-27','01h30','14h00','15h30','G05 - Algorithmique et programmation S3','TD','L2'),
('4E3MF304-31','2023-10-27','01h30','15h40','17h10','G05 - Algorithmique et programmation S3','TD','L2'),
('4E3MF301-45','2023-11-06','02h00','08h30','10h30','G01 - Analyse et Probas S3', 'TD','L2'),
('4E3MF303-34','2023-11-06','01h30','10h40','12h10','G01 - Algèbre S3','TD','L2'),
('4E3MF301-46','2023-11-06','02h00','10h40','12h40','G02 - Analyse et Probas S3','TD','L2'),
('4E3MF303-35','2023-11-06','01h30','13h30','15h00','Algèbre S3','CM','L2'),
('4E3MF302-21','2023-11-06','02h00','13h30','15h30','G02 - Introduction BD','TD','L2'),
('4E3MF302-22','2023-11-06','02h00','13h30','15h30','G03 - Introduction BD','TD','L2'),
('4E3MF301-47','2023-11-06','02h00','15h40','17h40','Analyse et Probas S3','CM','L2'),
('4E3MF303-36','2023-11-07','01h30','11h10','12h40','G01 - Algèbre S3','TD','L2'),
('4E3MF301-48','2023-11-07','02h00','11h10','13h10','G02 - Analyse et Probas S3','TD','L2'),
('4E3MF301-49','2023-11-07','02h00','13h30','15h30','G01 - Analyse et Probas S3', 'TD','L2'),
('4E3MF303-37','2023-11-07','01h30','15h40','17h10','G02 - Algèbre S3','TD','L2'),
('4E3MF303-38','2023-11-08','01h30','11h10','12h40','G02 - Algèbre S3','TD','L2'),
('4E3MC305-13','2023-11-09','02h00','08h30','10h30','OS utilisateur','CM','L2'),
('4E3MF302-23','2023-11-09','01h30','10h40','12h10','Introduction BD','CM','L2'),
('4E3MF301-50','2023-11-09','02h00','13h30','15h30','G03 - Analyse et Probas S3','TD','L2'),
('4E3MF302-24','2023-11-09','02h00','13h30','15h30','G01 - Introduction BD','TD','L2'),
('4E3MC305-14','2023-11-09','02h00','15h40','17h40','G03 - OS utilisateur','TD','L2'),
('4E3MF304-32','2023-11-10','02h00','10h40','12h40','Algorithmique et programmation S3','CM','L2'),
('4E3MF301-51','2023-11-10','02h00','13h30','15h30','G03 - Analyse et Probas S3','TD','L2'),
('4E3MF304-33','2023-11-10','01h30','14h00','15h30','G05 - Algorithmique et programmation S3','TD','L2'),
('4E3MF304-34','2023-11-10','01h30','15h40','17h10','G05 - Algorithmique et programmation S3','TD','L2'),
('4E3MF301-78','2023-11-13','02h00','08h30','10h30','G01 - Analyse et Probas S3', 'TD','L2'),
('4E3MF303-39','2023-11-13','01h30','10h40','12h10','G01 - Algèbre S3','TD','L2'),
('4E3MF301-52','2023-11-13','02h00','10h40','12h40','G02 - Analyse et Probas S3','TD','L2'),
('4E3MF303-40','2023-11-13','01h30','13h30','15h00','Algèbre S3','CM','L2'),
('4E3MF302-25','2023-11-13','02h00','13h30','15h30','G02 - Introduction BD','TD','L2'),
('4E3MF302-26','2023-11-13','02h00','13h30','15h30','G03 - Introduction BD','TD','L2'),
('4E3MF301-53','2023-11-13','02h00','15h40','17h40','Analyse et Probas S3','CM','L2'),
('4E3MF304-35','2023-11-14','01h30','10h10','11h40','G03 - Algorithmique et programmation S3','TD','L2'),
('4E3MF303-41','2023-11-14','01h30','11h10','12h40','G01 - Algèbre S3','TD','L2'),
('4E3MF301-54','2023-11-14','02h00','11h10','13h10','G02 - Analyse et Probas S3','TD','L2'),
('4E3MF304-36','2023-11-14','01h30','11h50','13h20','G03 - Algorithmique et programmation S3','TD','L2'),
('4E3MF301-55','2023-11-14','02h00','13h30','15h30','G01 - Analyse et Probas S3', 'TD','L2'),
('4E3MF303-42','2023-11-14','01h30','15h40','17h10','G02 - Algèbre S3','TD','L2'),
('4E3MF303-43','2023-11-15','01h30','11h10','12h40','G02 - Algèbre S3','TD','L2'),
('4E3MC305-15','2023-11-16','02h00','08h30','10h30','OS utilisateur','CM','L2'),
('4E3MF302-27','2023-11-16','01h30','10h40','12h10','Introduction BD','CM','L2'),
('4E3MF301-56','2023-11-16','02h00','13h30','15h30','G03 - Analyse et Probas S3','TD','L2'),
('4E3MF302-28','2023-11-16','02h00','13h30','15h30','G01 - Introduction BD','TD','L2'),
('4E3MC305-16','2023-11-16','02h00','15h40','17h40','G03 - OS utilisateur','TD','L2'),
('4E3MF304-37','2023-11-17','02h00','10h40','12h40','Algorithmique et programmation S3','CM','L2'),
('4E3MF301-57','2023-11-17','02h00','13h30','15h30','G03 - Analyse et Probas S3','TD','L2'),
('4E3MF304-38','2023-11-17','01h30','14h00','15h30','G05 - Algorithmique et programmation S3','TD','L2'),
('4E3MF304-39','2023-11-17','01h30','15h40','17h10','G05 - Algorithmique et programmation S3','TD','L2'),
('4E3MF301-58','2023-11-20','02h00','08h30','10h30','G01 - Analyse et Probas S3', 'TD','L2'),
('4E3MF303-44','2023-11-20','01h30','10h40','12h10','G01 - Algèbre S3','TD','L2'),
('4E3MF301-59','2023-11-20','02h00','10h40','12h40','G02 - Analyse et Probas S3','TD','L2'),
('4E3MF303-45','2023-11-20','01h30','13h30','15h00','Algèbre S3','CM','L2'),
('4E3MF302-29','2023-11-20','02h00','13h30','15h30','G02 - Introduction BD','TD','L2'),
('4E3MF302-30','2023-11-20','02h00','13h30','15h30','G03 - Introduction BD','TD','L2'),
('4E3MF301-60','2023-11-20','02h00','15h40','17h40','Analyse et Probas S3','CM','L2'),
('4E3MF304-40','2023-11-21','01h30','10h10','11h40','G03 - Algorithmique et programmation S3','TD','L2'),
('4E3MF303-46','2023-11-21','01h30','11h10','12h40','G01 - Algèbre S3','TD','L2'),
('4E3MF301-61','2023-11-21','02h00','11h10','13h10','G02 - Analyse et Probas S3','TD','L2'),
('4E3MF304-41','2023-11-21','01h30','11h50','13h20','G03 - Algorithmique et programmation S3','TD','L2'),
('4E3MF301-62','2023-11-21','02h00','13h30','15h30','G01 - Analyse et Probas S3', 'TD','L2'),
('4E3MF304-42','2023-11-21','01h30','14h30','16h00','G03 - Algorithmique et programmation S3','TD','L2'),
('4E3MF303-47','2023-11-21','01h30','15h40','17h10','G02 - Algèbre S3','TD','L2'),
('4E3MF304-43','2023-11-21','01h30','16h10','17h40','G03 - Algorithmique et programmation S3','TD','L2'),
('4E3MF303-48','2023-11-22','01h30','11h10','12h40','G02 - Algèbre S3','TD','L2'),
('4E3MC305-17','2023-11-23','02h00','08h30','10h30','OS utilisateur','CM','L2'),
('4E3MF302-31','2023-11-23','01h30','10h40','12h10','Introduction BD','CM','L2'),
('4E3MF301-63','2023-11-23','02h00','13h30','15h30','G03 - Analyse et Probas S3','TD','L2'),
('4E3MF302-32','2023-11-23','02h00','13h30','15h30','G01 - Introduction BD','TD','L2'),
('4E3MC305-18','2023-11-23','02h00','15h40','17h40','G03 - OS utilisateur','TD','L2'),
('4E3MF304-44','2023-11-24','02h00','10h40','12h40','Algorithmique et programmation S3','CM','L2'),
('4E3MF301-64','2023-11-24','02h00','13h30','15h30','G03 - Analyse et Probas S3','TD','L2'),
('4E3MF304-45','2023-11-24','01h30','14h00','15h30','G05 - Algorithmique et programmation S3','TD','L2'),
('4E3MF304-46','2023-11-24','01h30','15h40','17h10','G05 - Algorithmique et programmation S3','TD','L2'),
('4E3MF301-65','2023-11-27','02h00','08h30','10h30','G01 - Analyse et Probas S3', 'TD','L2'),
('4E3MF303-49','2023-11-27','01h30','10h40','12h10','G01 - Algèbre S3','TD','L2'),
('4E3MF301-66','2023-11-27','02h00','10h40','12h40','G02 - Analyse et Probas S3','TD','L2'),
('4E3MF303-50','2023-11-27','01h30','13h30','15h00','Algèbre S3','CM','L2'),
('4E3MF302-33','2023-11-27','02h00','13h30','15h30','G02 - Introduction BD','TD','L2'),
('4E3MF302-34','2023-11-27','02h00','13h30','15h30','G03 - Introduction BD','TD','L2'),
('4E3MF301-67','2023-11-27','02h00','15h40','17h40','Analyse et Probas S3','CM','L2'),
('4E3MF304-47','2023-11-28','01h30','10h10','11h40','G03 - Algorithmique et programmation S3','TD','L2'),
('4E3MF303-51','2023-11-28','01h30','11h10','12h40','G01 - Algèbre S3','TD','L2'),
('4E3MF301-68','2023-11-28','02h00','11h10','13h10','G02 - Analyse et Probas S3','TD','L2'),
('4E3MF304-48','2023-11-28','01h30','11h50','13h20','G03 - Algorithmique et programmation S3','TD','L2'),
('4E3MF301-69','2023-11-28','02h00','13h30','15h30','G01 - Analyse et Probas S3', 'TD','L2'),
('4E3MF303-52','2023-11-28','01h30','15h40','17h10','G02 - Algèbre S3','TD','L2'),
('4E3MF303-53','2023-11-29','01h30','11h10','12h40','G02 - Algèbre S3','TD','L2'),
('4E3MF302-35','2023-11-30','01h30','10h40','12h10','Introduction BD','CM','L2'),
('4E3MF301-70','2023-11-30','02h00','13h30','15h30','G03 - Analyse et Probas S3','TD','L2'),
('4E3MF302-36','2023-11-30','02h00','13h30','15h30','G01 - Introduction BD','TD','L2'),
('4E3MF304-49','2023-12-01','02h00','10h40','12h40','Algorithmique et programmation S3','CM','L2'),
('4E3MF301-71','2023-12-01','02h00','13h30','15h30','G03 - Analyse et Probas S3','TD','L2'),
('4E3MF304-50','2023-12-01','01h30','14h00','15h30','G05 - Algorithmique et programmation S3','TD','L2'),
('4E3MF304-60','2023-12-01','01h30','15h40','17h10','G05 - Algorithmique et programmation S3','TD','L2'),
('4E3MF302-37','2023-12-04','02h00','13h30','15h30','G03 - Introduction BD','TD','L2'),
('4E3MF301-72','2023-12-11','02h00','08h30','10h30','G01 - Analyse et Probas S3', 'TD','L2'),
('4E3MF303-54','2023-12-11','01h30','10h40','12h10','G01 - Algèbre S3','TD','L2'),
('4E3MF301-73','2023-12-11','02h00','10h40','12h40','G02 - Analyse et Probas S3','TD','L2'),
('4E3MF302-38','2023-12-11','02h00','13h30','15h30','G02 - Introduction BD','TD','L2'),
('4E3MF302-39','2023-12-11','02h00','13h30','15h30','G03 - Introduction BD','TD','L2'),
('4E3MF304-52','2023-12-12','01h30','10h10','11h40','G03 - Algorithmique et programmation S3','TD','L2'),
('4E3MF303-55','2023-12-12','01h30','11h10','12h40','G01 - Algèbre S3','TD','L2'),
('4E3MF301-74','2023-12-12','02h00','11h10','13h10','G02 - Analyse et Probas S3','TD','L2'),
('4E3MF304-53','2023-12-12','01h30','11h50','13h20','G03 - Algorithmique et programmation S3','TD','L2'),
('4E3MF301-75','2023-12-12','02h00','13h30','15h30','G01 - Analyse et Probas S3', 'TD','L2'),
('4E3MF303-56','2023-12-12','01h30','15h40','17h10','G02 - Algèbre S3','TD','L2'),
('4E3MF303-57','2023-12-13','01h30','11h10','12h40','G02 - Algèbre S3','TD','L2'),
('4E3MF302-40','2023-12-14','01h30','10h40','12h10','Introduction BD','CM','L2'),
('4E3MF301-76','2023-12-14','02h00','13h30','15h30','G03 - Analyse et Probas S3','TD','L2'),
('4E3MF302-41','2023-12-14','02h00','13h30','15h30','G01 - Introduction BD','TD','L2'),
('4E3MF301-77','2023-12-15','02h00','13h30','15h30','G03 - Analyse et Probas S3','TD','L2'),
('4E3MF304-54','2023-12-15','01h30','14h00','15h30','G05 - Algorithmique et programmation S3','TD','L2'),
('4E3MF304-55','2023-12-15','01h30','15h40','17h10','G05 - Algorithmique et programmation S3','TD','L2'),
('4E5M511I-1','2023-09-04','02h30','10h00','12h30','Comportement du consommateur S5','CM','L3'),
('4E5M510I-1','2023-09-05','02h30','08h30','11h00','Programmation orientée objet S5','CM','L3'),
('4E5M506I-1','2023-09-05','02h30','15h10','17h40','Langage et sécurité des bases de données S5','CM','L3'),
('4E5M508I-1','2023-09-06','02h30','17h20','19h50','Algorithmique et programmation S5','CM','L3'),
('4E5M510I-2','2023-09-11','02h30','08h30','11h00','G02 - Programmation orientée objet S5','TD','L3'),
('4E5M511I-2','2023-09-11','02h30','10h40','13h10','G01 - Comportement du consommateur S5','TD','L3'),
('4E5M510I-3','2023-09-12','02h00','08h30','10h30','Programmation orientée objet S5','CM','L3'),
('4E5M511I-3','2023-09-12','02h00','10h40','12h40','Comportement du consommateur S5','CM','L3'),
('4E5M508I-2','2023-09-12','02h30','11h00','13h30','G02 - Algorithmique et programmation S5','TD','L3'),
('4E5M506I-2','2023-09-12','02h00','15h50','17h50','Langage et sécurité des bases de données S5','CM','L3'),
('4E5M506I-3','2023-09-12','02h10','18h00','20h10','G01 - Langage et sécurité des bases de données S5','TD','L3'),
('4E5M510I-4','2023-09-13','02h00','08h30','10h30','G01 - Programmation orientée objet S5','TD','L3'),
('4E5M508I-3','2023-09-13','02h30','10h40','13h10','G01 - Algorithmique et programmation S5','TD','L3'),
('4E5M506I-4','2023-09-13','02h30','15h10','17h40','G02 - Langage et sécurité des bases de données S5','TD','L3'),
('4E5M508I-4','2023-09-13','02h00','17h50','19h50','Algorithmique et programmation S5','CM','L3'),
('4E5M511I-4','2023-09-18','02h00','10h40','12h40','G01 - Comportement du consommateur S5','TD','L3'),
('4E5M510I-5','2023-09-19','02h00','08h30','10h30','Programmation orientée objet S5','CM','L3'),
('4E5M508I-5','2023-09-19','02h00','10h40','12h40','G02 - Algorithmique et programmation S5','TD','L3'),
('4E5M511I-5','2023-09-19','02h00','10h40','12h40','Comportement du consommateur S5','CM','L3'),
('4E5M506I-5','2023-09-19','02h00','15h40','17h40','Langage et sécurité des bases de données S5','CM','L3'),
('4E5M506I-6','2023-09-19','02h10','18h00','20h10','G01 - Langage et sécurité des bases de données S5','TD','L3'),
('4E5M510I-6','2023-09-20','02h00','08h30','10h30','G01 - Programmation orientée objet S5','TD','L3'),
('4E5M508I-6','2023-09-20','02h00','10h40','12h40','G01 - Algorithmique et programmation S5','TD','L3'),
('4E5M506I-7','2023-09-20','02h00','15h40','17h40','G02 - Langage et sécurité des bases de données S5','TD','L3'),
('4E5M508I-7','2023-09-20','02h00','17h50','19h50','Algorithmique et programmation S5','CM','L3'),
('4E5M510I-7','2023-09-25','02h00','08h30','10h30','G02 - Programmation orientée objet S5','TD','L3'),
('4E5M511I-6','2023-09-25','02h00','10h40','12h40','G01 - Comportement du consommateur S5','TD','L3'),
('4E5M510I-8','2023-09-26','02h00','08h30','10h30','Programmation orientée objet S5','CM','L3'),
('4E5M508I-8','2023-09-26','02h00','10h40','12h40','G02 - Algorithmique et programmation S5','TD','L3'),
('4E5M511I-7','2023-09-26','02h00','10h40','12h40','Comportement du consommateur S5','CM','L3'),
('4E5M506I-8','2023-09-26','02h00','15h40','17h40','Langage et sécurité des bases de données S5','CM','L3'),
('4E5M506I-9','2023-09-26','02h10','18h00','20h10','G01 - Langage et sécurité des bases de données S5','TD','L3'),
('4E5M510I-9','2023-09-27','02h00','08h30','10h30','G01 - Programmation orientée objet S5','TD','L3'),
('4E5M508I-9','2023-09-27','02h00','10h40','12h40','G01 - Algorithmique et programmation S5','TD','L3'),
('4E5M506I-10','2023-09-27','02h00','15h40','17h40','G02 - Langage et sécurité des bases de données S5','TD','L3'),
('4E5M508I-10','2023-09-27','02h00','17h50','19h50','Algorithmique et programmation S5','CM','L3'),
('4E5M510I-10','2023-10-02','02h00','08h30','10h30','G02 - Programmation orientée objet S5','TD','L3'),
('4E5M511I-8','2023-10-02','02h00','10h40','12h40','G01 - Comportement du consommateur S5','TD','L3'),
('4E5M510I-11','2023-10-03','02h00','08h30','10h30','Programmation orientée objet S5','CM','L3'),
('4E5M508I-11','2023-10-03','02h00','10h40','12h40','G02 - Algorithmique et programmation S5','TD','L3'),
('4E5M511I-9','2023-10-03','02h00','10h40','12h40','Comportement du consommateur S5','CM','L3'),
('4E5M506I-11','2023-10-03','02h00','15h40','17h40','Langage et sécurité des bases de données S5','CM','L3'),
('4E5M506I-12','2023-10-03','02h00','18h00','20h00','G01 - Langage et sécurité des bases de données S5','TD','L3'),
('4E5M510I-12','2023-10-04','02h00','08h30','10h30','G01 - Programmation orientée objet S5','TD','L3'),
('4E5M508I-12','2023-10-04','02h00','10h40','12h40','G01 - Algorithmique et programmation S5','TD','L3'),
('4E5M506I-13','2023-10-04','02h00','15h40','17h40','G02 - Langage et sécurité des bases de données S5','TD','L3'),
('4E5M508I-13','2023-10-04','02h00','17h50','19h50','Algorithmique et programmation S5','CM','L3'),
('4E5M510I-13','2023-10-09','02h00','08h30','10h30','G02 - Programmation orientée objet S5','TD','L3'),
('4E5M511I-10','2023-10-09','02h00','10h40','12h40','G01 - Comportement du consommateur S5','TD','L3'),
('4E5M510I-14','2023-10-10','02h00','08h30','10h30','Programmation orientée objet S5','CM','L3'),
('4E5M511I-11','2023-10-10','02h00','10h40','12h40','Comportement du consommateur S5','CM','L3'),
('4E5M506I-14','2023-10-10','02h00','15h40','17h40','Langage et sécurité des bases de données S5','CM','L3'),
('4E5M506I-15','2023-10-10','02h00','18h00','20h00','G01 - Langage et sécurité des bases de données S5','TD','L3'),
('4E5M510I-15','2023-10-11','02h00','08h30','10h30','G01 - Programmation orientée objet S5','TD','L3'),
('4E5M508I-14','2023-10-11','02h00','10h40','12h40','G01 - Algorithmique et programmation S5','TD','L3'),
('4E5M506I-16','2023-10-11','02h00','15h40','17h40','G02 - Langage et sécurité des bases de données S5','TD','L3'),
('4E5M508I-15','2023-10-11','02h00','17h50','19h50','Algorithmique et programmation S5','CM','L3'),
('4E5M508I-16','2023-10-12','02h00','08h30','10h30','G02 - Algorithmique et programmation S5','TD','L3'),
('4E5M510I-16','2023-10-16','02h00','08h30','10h30','G02 - Programmation orientée objet S5','TD','L3'),
('4E5M511I-12','2023-10-16','02h00','10h40','12h40','G01 - Comportement du consommateur S5','TD','L3'),
('4E5M510I-17','2023-10-17','02h00','08h30','10h30','Programmation orientée objet S5','CM','L3'),
('4E5M511I-13','2023-10-17','02h00','10h40','12h40','Comportement du consommateur S5','CM','L3'),
('4E5M506I-17','2023-10-17','02h00','15h40','17h40','Langage et sécurité des bases de données S5','CM','L3'),
('4E5M506I-18','2023-10-17','02h00','18h00','20h00','G01 - Langage et sécurité des bases de données S5','TD','L3'),
('4E5M510I-18','2023-10-18','02h00','08h30','10h30','G01 - Programmation orientée objet S5','TD','L3'),
('4E5M508I-17','2023-10-18','02h00','10h40','12h40','G01 - Algorithmique et programmation S5','TD','L3'),
('4E5M506I-19','2023-10-18','02h00','15h40','17h40','G02 - Langage et sécurité des bases de données S5','TD','L3'),
('4E5M508I-18','2023-10-18','02h00','17h50','19h50','Algorithmique et programmation S5','CM','L3'),
('4E5M510I-19','2023-10-23','02h00','08h30','10h30','G02 - Programmation orientée objet S5','TD','L3'),
('4E5M511I-14','2023-10-23','02h00','10h40','12h40','G01 - Comportement du consommateur S5','TD','L3'),
('4E5M510I-20','2023-10-24','02h00','08h30','10h30','Programmation orientée objet S5','CM','L3'),
('4E5M508I-19','2023-10-24','02h00','10h40','12h40','G02 - Algorithmique et programmation S5','TD','L3'),
('4E5M511I-15','2023-10-24','02h00','10h40','12h40','Comportement du consommateur S5','CM','L3'),
('4E5M510I-21','2023-10-25','02h00','08h30','10h30','G01 - Programmation orientée objet S5','TD','L3'),
('4E5M508I-20','2023-10-25','02h00','10h40','12h40','G01 - Algorithmique et programmation S5','TD','L3'),
('4E5M512I-1','2023-10-25','03h00','13h40','16h40','Marketing digital S5','CM','L3'),
('4E5M508I-21','2023-10-25','02h00','17h50','19h50','Algorithmique et programmation S5','CM','L3'),
('4E5M510I-22','2023-11-06','02h00','08h30','10h30','G02 - Programmation orientée objet S5','TD','L3'),
('4E5M511I-16','2023-11-06','02h00','10h40','12h40','G01 - Comportement du consommateur S5','TD','L3'),
('4E5M508I-22','2023-11-07','02h00','08h30','10h30','G02 - Algorithmique et programmation S5','TD','L3'),
('4E5M508I-23','2023-11-07','02h00','10h40','12h40','G02 - Algorithmique et programmation S5','TD','L3'),
('4E5M507I-1','2023-11-07','02h00','15h40','17h40','Introduction aux systèmes information S5','CM','L3'),
('4E5M510I-23','2023-11-08','02h30','08h00','10h30','G01 - Programmation orientée objet S5','TD','L3'),
('4E5M508I-24','2023-11-08','02h00','10h40','12h40','G01 - Algorithmique et programmation S5','TD','L3'),
('4E5M512I-2','2023-11-08','03h00','13h50','16h50','Marketing digital S5','CM','L3'),
('4E5M506I-20','2023-11-08','02h00','17h00','19h00','Langage et sécurité des bases de données S5','CM','L3'),
('4E5M514I-1','2023-11-14','02h30','10h00','12h30','G01 - Communication écrite et orale S5','TD','L3'),
('4E5M507I-2','2023-11-14','02h00','14h00','16h00','Introduction aux systèmes information S5','CM','L3'),
('4E5M507I-3','2023-11-14','02h00','16h10','18h10','G01 - Introduction aux systèmes information S5','TD','L3'),
('4E5M514I-2','2023-11-15','02h00','10h40','12h40','G01 - Communication écrite et orale S5','TD','L3'),
('4E5M507I-4','2023-11-15','02h00','14h00','16h00','Introduction aux systèmes information S5','CM','L3'),
('4E5M507I-5','2023-11-15','02h00','16h10','18h10','G01 - Introduction aux systèmes information S5','TD','L3'),
('4E5M514I-3','2023-11-21','02h00','10h00','12h00','G01 - Communication écrite et orale S5','TD','L3'),
('4E5M507I-6','2023-11-21','02h00','14h00','16h00','Introduction aux systèmes information S5','CM','L3'),
('4E5M507I-7','2023-11-21','02h00','16h10','18h10','G01 - Introduction aux systèmes information S5','TD','L3'),
('4E5M514I-4','2023-11-22','02h00','10h00','12h00','G01 - Communication écrite et orale S5','TD','L3'),
('4E5M507I-8','2023-11-22','02h00','13h00','15h00','Introduction aux systèmes information S5','CM','L3'),
('4E5M507I-9','2023-11-22','02h00','15h10','17h10','G01 - Introduction aux systèmes information S5','TD','L3'),
('4E5M506I-21','2023-11-22','02h00','17h20','19h20','G02 - Langage et sécurité des bases de données S5','TD','L3'),
('4E5M507I-10','2023-11-27','02h00','14h00','16h00','Introduction aux systèmes information S5','CM','L3'),
('4E5M507I-11','2023-11-27','02h00','16h10','18h10','G01 - Introduction aux systèmes information S5','TD','L3'),
('4E5M514I-5','2023-11-28','02h00','10h00','12h00','G01 - Communication écrite et orale S5','TD','L3'),
('4E5M507I-12','2023-11-28','02h30','13h30','16h00','Introduction aux systèmes information S5','CM','L3'),
('4E5M507I-13','2023-11-28','02h00','16h10','18h10','G01 - Introduction aux systèmes information S5','TD','L3'),
('4E5M506I-22','2023-11-29','02h00','09h00','11h00','G02 - Langage et sécurité des bases de données S5','TD','L3'),
('4E5M514I-6','2023-11-29','02h00','11h10','13h10','G01 - Communication écrite et orale S5','TD','L3'),
('4E5M507I-14','2023-11-29','02h00','14h00','16h00','Introduction aux systèmes information S5','CM','L3'),
('4E5M507I-15','2023-11-29','02h00','16h10','18h10','G01 - Introduction aux systèmes information S5','TD','L3'),
('4E5M507I-16','2023-12-05','02h30','14h00','16h30','G01 - Introduction aux systèmes information S5','TD','L3');

-- Ajoute valeurs de la table Salles
INSERT INTO Salles (Nom_salle, Code_cours, Batiment, Capacite) VALUES 
('G AMPHI G','4E1MF103-1','Bat. Allais','180'),
('G 413B','4E1MF103-2','Bat. Allais','45'),
('G 413A','4E1MF103-3','Bat. Allais','45'),
('G 511','4E1MF103-4','Bat. Allais','45'),
('G 414','4E1MF103-5','Bat. Allais','40'),
('G 511','4E1MF103-6','Bat. Allais','45'),
('G 414','4E1MF103-7','Bat. Allais','40'),
('G 511','4E1MF103-8','Bat. Allais','45'),
('G AMPHI G','4E1MF103-9','Bat. Allais','180'),
('G 511','4E1MF103-10','Bat. Allais','45'),
('G 413B','4E1MF103-11','Bat. Allais','45'),
('G AMPHI G','4E1MF103-12','Bat. Allais','180'),
('G 511','4E1MF103-13','Bat. Allais','45'),
('G 414','4E1MF103-14','Bat. Allais','40'),
('G 413B','4E1MF103-15','Bat. Allais','45'),
('G 413A','4E1MF103-16','Bat. Allais','45'),
('G 511','4E1MF103-17','Bat. Allais','45'),
('G AMPHI G','4E1MF103-18','Bat. Allais','180'),
('G 511','4E1MF103-19','Bat. Allais','45'),
('G 414','4E1MF103-20','Bat. Allais','40'),
('G 413A','4E1MF103-21','Bat. Allais','45'),
('G 413B','4E1MF103-22','Bat. Allais','45'),
('G 511','4E1MF103-23','Bat. Allais','45'),
('G 310A','4E1MF103-24','Bat. Allais','35'),
('G 410A','4E1MF103-25','Bat. Allais','35'),
('G AMPHI G','4E1MF103-26','Bat. Allais','180'),
('G 310A','4E1MF103-27','Bat. Allais','35'),
('G 413B','4E1MF103-28','Bat. Allais','45'),
('G 410A','4E1MF103-29','Bat. Allais','35'),
('G AMPHI G','4E1MF101-1','Bat. Allais','180'),
('G AMPHI G','4E1MF103-30','Bat. Allais','180'),
('G 301/302','4E1MF103-31','Bat. Allais','50'),
('G 410A','4E1MF103-32','Bat. Allais','35'),
('G 401/402','4E1MF103-33','Bat. Allais','60'),
('G 310A','4E1MF103-34','Bat. Allais','35'),
('G 301/302','4E1MF103-35','Bat. Allais','50'),
('G 410A','4E1MF103-36','Bat. Allais','35'),
('G 401/402','4E1MF103-37','Bat. Allais','60'),
('G 410B','4E1MF103-38','Bat. Allais','45'),
('G 301/302','4E1MF103-39','Bat. Allais','50'),
('G 410A','4E1MF103-40','Bat. Allais','35'),
('G 401/402','4E1MF103-41','Bat. Allais','60'),
('G AMPHI E','4E1MF102-1','Bat. Allais','180'),
('G 410B','4E1MF103-42','Bat. Allais','45'),
('G 301/302','4E1MF103-43','Bat. Allais','50'),
('G 412','4E1MF103-44','Bat. Allais','40'),
('G 410B','4E1MF103-45','Bat. Allais','45'),
('G 101/102','4E1MF103-46','Bat. Allais','55'),
('G 310A','4E1MF102-2','Bat. Allais','35'),
('G 410A','4E1MF101-2','Bat. Allais','35'),
('G 403','4E1MF101-3','Bat. Allais','35'),
('G 413B','4E1MF102-3','Bat. Allais','45'),
('G 410A','4E1MF101-4','Bat. Allais','35'),
('G 410A','4E1MF102-4','Bat. Allais','35'),
('G 410A','4E1MF101-5','Bat. Allais','35'),
('G 213A','4E1MF102-5','Bat. Allais','35'),
('G AMPHI G','4E1MF101-6','Bat. Allais','180'),
('G 213A','4E1MF102-6','Bat. Allais','35'),
('G 410A','4E1MF101-7','Bat. Allais','35'),
('G 310A','4E1MF102-7','Bat. Allais','35'),
('G 410A','4E1MF101-8','Bat. Allais','35'),
('G 213A','4E1MF102-8','Bat. Allais','35'),
('G 410A','4E1MF101-9','Bat. Allais','35'),
('G 213A','4E1MF102-9','Bat. Allais','35'),
('G 310A','4E1MF102-10','Bat. Allais','35'),
('G 512','4E1MF101-10','Bat. Allais','45'),
('G 310A','4E1MF102-11','Bat. Allais','35'),
('G 410A','4E1MF101-11','Bat. Allais','35'),
('G AMPHI E','4E1MF102-12','Bat. Allais','180'),
('G 213A','4E1MF102-13','Bat. Allais','35'),
('G 410A','4E1MF101-12','Bat. Allais','35'),
('G 213A','4E1MF102-14','Bat. Allais','35'),
('G 310A','4E1MF102-15','Bat. Allais','35'),
('G 410A','4E1MF101-13','Bat. Allais','35'),
('G 403','4E1MF101-14','Bat. Allais','35'),
('G 413B','4E1MF102-16','Bat. Allais','45'),
('G 410A','4E1MF101-15','Bat. Allais','35'),
('G 410A','4E1MF102-17','Bat. Allais','35'),
('G 410A','4E1MF101-16','Bat. Allais','35'),
('G 213A','4E1MF102-18','Bat. Allais','35'),
('G AMPHI G','4E1MF101-17','Bat. Allais','180'),
('G 213A','4E1MF102-19','Bat. Allais','35'),
('G 410A','4E1MF101-18','Bat. Allais','35'),
('G 310A','4E1MF102-20','Bat. Allais','35'),
('G 410A','4E1MF101-19','Bat. Allais','35'),
('G 213A','4E1MF102-21','Bat. Allais','35'),
('G 410A','4E1MF101-20','Bat. Allais','35'),
('G 213A','4E1MF102-22','Bat. Allais','35'),
('G 213C','4E1CI105-1','Bat. Allais','30'),
('G 310A','4E1MF102-23','Bat. Allais','35'),
('G 412','4E1MF101-21','Bat. Allais','40'),
('G 310A','4E1MF102-24','Bat. Allais','35'),
('G 410A','4E1MF101-22','Bat. Allais','35'),
('G AMPHI E','4E1MF102-25','Bat. Allais','180'),
('G 213A','4E1MF102-26','Bat. Allais','35'),
('G 410A','4E1MF101-23','Bat. Allais','35'),
('G 213A','4E1MF102-27','Bat. Allais','35'),
('G 310A','4E1MF102-28','Bat. Allais','35'),
('G 410A','4E1MF101-24','Bat. Allais','35'),
('G 403','4E1MF101-25','Bat. Allais','35'),
('G 413B','4E1MF102-29','Bat. Allais','45'),
('G 410A','4E1MF101-26','Bat. Allais','35'),
('G 410A','4E1MF102-30','Bat. Allais','35'),
('G 410A','4E1MF101-27','Bat. Allais','35'),
('G 213A','4E1MF102-31','Bat. Allais','35'),
('G AMPHI G','4E1MF101-28','Bat. Allais','180'),
('G 213A','4E1MF102-32','Bat. Allais','35'),
('G 410A','4E1MF101-29','Bat. Allais','35'),
('G 310A','4E1MF102-33','Bat. Allais','35'),
('G 410A','4E1MF101-30','Bat. Allais','35'),
('G 213A','4E1MF102-34','Bat. Allais','35'),
('G 410A','4E1MF101-31','Bat. Allais','35'),
('G 213A','4E1MF102-35','Bat. Allais','35'),
('G 213C','4E1CI105-2','Bat. Allais','30'),
('G 310A','4E1MF102-36','Bat. Allais','35'),
('G 512','4E1MF101-32','Bat. Allais','45'),
('G 310A','4E1MF102-37','Bat. Allais','35'),
('G 410A','4E1MF101-33','Bat. Allais','35'),
('G AMPHI E','4E1MF102-38','Bat. Allais','180'),
('G 213A','4E1MF102-39','Bat. Allais','35'),
('G 410A','4E1MF101-34','Bat. Allais','35'),
('G 213A','4E1MF102-40','Bat. Allais','35'),
('G 310A','4E1MF102-41','Bat. Allais','35'),
('G 410A','4E1MF101-35','Bat. Allais','35'),
('G 403','4E1MF101-36','Bat. Allais','35'),
('G 413B','4E1MF102-42','Bat. Allais','45'),
('G 410A','4E1MF101-37','Bat. Allais','35'),
('G 410A','4E1MF102-43','Bat. Allais','35'),
('G 410A','4E1MF101-38','Bat. Allais','35'),
('G 213A','4E1MF102-44','Bat. Allais','35'),
('G AMPHI G','4E1MF101-39','Bat. Allais','180'),
('G 213A','4E1MF102-45','Bat. Allais','35'),
('G 410A','4E1MF101-40','Bat. Allais','35'),
('G 310A','4E1MF102-46','Bat. Allais','35'),
('G 410A','4E1MF101-41','Bat. Allais','35'),
('G 213A','4E1MF102-47','Bat. Allais','35'),
('G 410A','4E1MF101-42','Bat. Allais','35'),
('G 213A','4E1MF102-48','Bat. Allais','35'),
('G 213C','4E1CI105-3','Bat. Allais','30'),
('G 310A','4E1MF102-49','Bat. Allais','35'),
('G 512','4E1MF101-43','Bat. Allais','45'),
('G 310A','4E1MF102-50','Bat. Allais','35'),
('G 410A','4E1MF101-44','Bat. Allais','35'),
('G AMPHI E','4E1MF102-51','Bat. Allais','180'),
('G 213A','4E1MF102-52','Bat. Allais','35'),
('G 410A','4E1MF101-45','Bat. Allais','35'),
('G 213A','4E1MF102-53','Bat. Allais','35'),
('G 310A','4E1MF102-54','Bat. Allais','35'),
('G 410A','4E1MF101-46','Bat. Allais','35'),
('G 403','4E1MF101-47','Bat. Allais','35'),
('G 413B','4E1MF102-55','Bat. Allais','45'),
('G 410A','4E1MF101-48','Bat. Allais','35'),
('G 410A','4E1MF102-56','Bat. Allais','35'),
('G 410A','4E1MF101-49','Bat. Allais','35'),
('G 213A','4E1MF102-57','Bat. Allais','35'),
('G AMPHI G','4E1MF101-50','Bat. Allais','180'),
('G 213A','4E1MF102-58','Bat. Allais','35'),
('G 410A','4E1MF101-51','Bat. Allais','35'),
('G 310A','4E1MF102-59','Bat. Allais','35'),
('G 410A','4E1MF101-52','Bat. Allais','35'),
('G 213A','4E1MF102-60','Bat. Allais','35'),
('G 410A','4E1MF101-53','Bat. Allais','35'),
('G 213A','4E1MF102-61','Bat. Allais','35'),
('G 310A','4E1MF102-62','Bat. Allais','35'),
('G 512','4E1MF101-54','Bat. Allais','45'),
('G 310A','4E1MF102-63','Bat. Allais','35'),
('G 410A','4E1MF101-55','Bat. Allais','35'),
('G AMPHI E','4E1MF102-64','Bat. Allais','180'),
('G 213A','4E1MF102-65','Bat. Allais','35'),
('G 410A','4E1MF101-56','Bat. Allais','35'),
('G 213A','4E1MF102-66','Bat. Allais','35'),
('G 310A','4E1MF102-67','Bat. Allais','35'),
('G 410A','4E1MF101-57','Bat. Allais','35'),
('G 403','4E1MF101-58','Bat. Allais','35'),
('G 413B','4E1MF102-68','Bat. Allais','45'),
('G 410A','4E1MF101-59','Bat. Allais','35'),
('G 410A','4E1MF102-69','Bat. Allais','35'),
('G AMPHI G','4E1MF101-60','Bat. Allais','180'),
('G 213A','4E1MF102-70','Bat. Allais','35'),
('G AMPHI G','4E1MF101-61','Bat. Allais','180'),
('G 213A','4E1MF102-71','Bat. Allais','35'),
('G 410A','4E1MF101-62','Bat. Allais','35'),
('G 310A','4E1MF102-72','Bat. Allais','35'),
('G 413B','4E1MF101-63','Bat. Allais','45'),
('G 410A','4E1MF101-64','Bat. Allais','35'),
('G 213A','4E1MF102-73','Bat. Allais','35'),
('G 107','4E1MF101-65','Bat. Allais','30'),
('G 410A','4E1MF101-66','Bat. Allais','35'),
('G 213A','4E1MF102-74','Bat. Allais','35'),
('G 310A','4E1MF102-75','Bat. Allais','35'),
('G 512','4E1MF101-67','Bat. Allais','45'),
('G 310A','4E1MF102-76','Bat. Allais','35'),
('G 410A','4E1MF101-68','Bat. Allais','35'),
('G AMPHI A','4E1MF102-77','Bat. Allais','1000'),
('G 213A','4E1MF102-78','Bat. Allais','35'),
('G 410A','4E1MF101-69','Bat. Allais','35'),
('G 213A','4E1MF102-79','Bat. Allais','35'),
('G 310A','4E1MF102-80','Bat. Allais','35'),
('G 410A','4E1MF101-70','Bat. Allais','35'),
('G 403','4E1MF101-71','Bat. Allais','35'),
('G 413B','4E1MF102-81','Bat. Allais','45'),
('G 410A','4E1MF101-72','Bat. Allais','35'),
('G 410A','4E1MF102-82','Bat. Allais','35'),
('G 213A','4E1MF102-83','Bat. Allais','35'),
('G 511','4E1MF101-73','Bat. Allais','45'),
('G 213A','4E1MF102-84','Bat. Allais','35'),
('G 310A','4E1MF102-85','Bat. Allais','35'),
('G 410A','4E1MF101-74','Bat. Allais','35'),
('G 213A','4E1MF102-86','Bat. Allais','35'),
('G 410A','4E1MF101-75','Bat. Allais','35'),
('G 213A','4E1MF102-87','Bat. Allais','35'),
('G 310A','4E1MF102-88','Bat. Allais','35'),
('G 310A','4E1MF102-89','Bat. Allais','35'),
('G 410A','4E1MF101-76','Bat. Allais','35'),
('G AMPHI E','4E1MF102-90','Bat. Allais','180'),
('G 213A','4E1MF102-91','Bat. Allais','35'),
('G 410A','4E1MF101-77','Bat. Allais','35'),
('G 213A','4E1MF102-92','Bat. Allais','35'),
('G 310A','4E1MF102-93','Bat. Allais','35'),
('G 410A','4E1MF101-78','Bat. Allais','35'),
('G 403','4E1MF101-79','Bat. Allais','35'),
('G 413B','4E1MF102-94','Bat. Allais','45'),
('G 410A','4E1MF101-80','Bat. Allais','35'),
('G 410A','4E1MF102-95','Bat. Allais','35'),
('G 410A','4E1MF101-81','Bat. Allais','35'),
('G 213A','4E1MF102-96','Bat. Allais','35'),
('G AMPHI G','4E1MF101-82','Bat. Allais','180'),
('G 213A','4E1MF102-97','Bat. Allais','35'),
('G 410A','4E1MF101-83','Bat. Allais','35'),
('G 310A','4E1MF102-98','Bat. Allais','35'),
('G 410A','4E1MF101-84','Bat. Allais','35'),
('G 213A','4E1MF102-99','Bat. Allais','35'),
('G 410A','4E1MF101-85','Bat. Allais','35'),
('G 213A','4E1MF102-100','Bat. Allais','35'),
('G 310A','4E1MF102-101','Bat. Allais','35'),
('G 512','4E1MF101-86','Bat. Allais','45'),
('G 310A','4E1MF102-102','Bat. Allais','35'),
('G 410A','4E1MF101-87','Bat. Allais','35'),
('G AMPHI E','4E1MF102-103','Bat. Allais','180'),
('G 213A','4E1MF102-104','Bat. Allais','35'),
('G 410A','4E1MF101-88','Bat. Allais','35'),
('G 213A','4E1MF102-105','Bat. Allais','35'),
('G 503','4E1MF101-89','Bat. Allais','40'),
('G 310A','4E1MF102-106','Bat. Allais','35'),
('G 410A','4E1MF101-90','Bat. Allais','35'),
('G 403','4E1MF101-91','Bat. Allais','35'),
('G 413B','4E1MF102-107','Bat. Allais','45'),
('G 410A','4E1MF101-92','Bat. Allais','35'),
('G 410A','4E1MF102-108','Bat. Allais','35'),
('G 410A','4E1MF101-93','Bat. Allais','35'),
('G 213A','4E1MF102-109','Bat. Allais','35'),
('G AMPHI G','4E1MF101-94','Bat. Allais','180'),
('G 213A','4E1MF102-110','Bat. Allais','35'),
('G 410A','4E1MF101-95','Bat. Allais','35'),
('G 310A','4E1MF102-111','Bat. Allais','35'),
('G 410A','4E1MF101-96','Bat. Allais','35'),
('G 213A','4E1MF102-112','Bat. Allais','35'),
('G 410A','4E1MF101-97','Bat. Allais','35'),
('G 213A','4E1MF102-113','Bat. Allais','35'),
('G 310A','4E1MF102-114','Bat. Allais','35'),
('G 410A','4E1MF101-98','Bat. Allais','35'),
('G 310A','4E1MF102-115','Bat. Allais','35'),
('G 410A','4E1MF101-99','Bat. Allais','35'),
('G AMPHI A','4E1MF102-116','Bat. Allais','1000'),
('G 213A','4E1MF102-117','Bat. Allais','35'),
('G 410A','4E1MF101-100','Bat. Allais','35'),
('G 213A','4E1MF102-118','Bat. Allais','35'),
('G 310A','4E1MF102-119','Bat. Allais','35'),
('G 410A','4E1MF101-101','Bat. Allais','35'),
('G 403','4E1MF101-102','Bat. Allais','35'),
('G 413B','4E1MF102-120','Bat. Allais','45'),
('G 410A','4E1MF101-103','Bat. Allais','35'),
('G 410A','4E1MF102-121','Bat. Allais','35'),
('G 213A','4E1MF102-122','Bat. Allais','35'),
('G 213A','4E1MF102-123','Bat. Allais','35'),
('G 410A','4E1MF101-104','Bat. Allais','35'),
('G 410A','4E1MF101-105','Bat. Allais','35'),
('G 310A','4E1MF102-124','Bat. Allais','35'),
('G 410A','4E1MF101-106','Bat. Allais','35'),
('G 213A','4E1MF102-125','Bat. Allais','35'),
('G 410A','4E1MF101-107','Bat. Allais','35'),
('G 213A','4E1MF102-126','Bat. Allais','35'),
('G 310A','4E1MF102-127','Bat. Allais','35'),
('G 410A','4E1MF101-108','Bat. Allais','35'),
('G 310A','4E1MF102-128','Bat. Allais','35'),
('G 410A','4E1MF101-109','Bat. Allais','35'),
('G 213A','4E1MF102-129','Bat. Allais','35'),
('G 410A','4E1MF101-110','Bat. Allais','35'),
('G 213A','4E1MF102-130','Bat. Allais','35'),
('G AMPHI E','4E3MISTE-1','Bat. Allais','180'),
('G AMPHI F','4E3MF303-1','Bat. Allais','180'),
('G AMPHI F','4E3MF301-1','Bat. Allais','180'),
('G AMPHI E','4E3MISTE-2','Bat. Allais','180'),
('G AMPHI E','4E3MISTE-3','Bat. Allais','180'),
('G AMPHI D','4E3MF304-1','Bat. Allais','180'),
('G 512','4E3MF301-2','Bat. Allais','45'),
('G 512','4E3MF303-2','Bat. Allais','45'),
('G 205','4E3MF301-3','Bat. Allais','25'),
('G 110','4E3MF303-3','Bat. Allais','80'),
('G AMPHI D','4E3MF301-4','Bat. Allais','180'),
('G 201','4E3MF304-2','Bat. Allais','30'),
('G 512','4E3MF303-4','Bat. Allais','45'),
('G 205','4E3MF301-5','Bat. Allais','25'),
('G 201','4E3MF304-3','Bat. Allais','30'),
('G 109','4E3MF301-6','Bat. Allais','30'),
('G 204','4E3MF303-5','Bat. Allais','25'),
('G AMPHI E','4E3MISTE-4','Bat. Allais','180'),
('G 204','4E3MF303-6','Bat. Allais','25'),
('G 110','4E3MC305-1','Bat. Allais','80'),
('G AMPHI E','4E3MISTE-5','Bat. Allais','180'),
('G AMPHI E','4E3MF302-1','Bat. Allais','180'),
('N 16','4E3MF301-7','Bat. Ephémère 2','36'),
('G 213C','4E3MF302-2','Bat. Allais','30'),
('G 201','4E3MC305-2','Bat. Allais','30'),
('G AMPHI D','4E3MF304-4','Bat. Allais','180'),
('G 409','4E3MF301-8','Bat. Allais','30'),
('G 201','4E3MF304-5','Bat. Allais','30'),
('G 201','4E3MF304-6','Bat. Allais','30'),
('G 512','4E3MF301-9','Bat. Allais','45'),
('G 512','4E3MF303-7','Bat. Allais','45'),
('G 205','4E3MF301-10','Bat. Allais','25'),
('G 110','4E3MF303-8','Bat. Allais','80'),
('G 213C','4E3MF302-3','Bat. Allais','30'),
('G AMPHI D','4E3MF301-11','Bat. Allais','180'),
('G 201','4E3MF304-7','Bat. Allais','30'),
('G 512','4E3MF303-9','Bat. Allais','45'),
('G 205','4E3MF301-12','Bat. Allais','25'),
('G 201','4E3MF304-8','Bat. Allais','30'),
('G 109','4E3MF301-13','Bat. Allais','30'),
('G 204','4E3MF303-10','Bat. Allais','25'),
('G 213C','4E3MF302-4','Bat. Allais','30'),
('G 204','4E3MF303-11','Bat. Allais','25'),
('G 110','4E3MC305-3','Bat. Allais','80'),
('G AMPHI E','4E3MF302-5','Bat. Allais','180'),
('G AMPHI E','4E3MISTE-6','Bat. Allais','180'),
('N 16','4E3MF301-14','Bat. Ephémère 2','36'),
('G 201','4E3MC305-4','Bat. Allais','30'),
('G AMPHI D','4E3MF304-9','Bat. Allais','180'),
('G 409','4E3MF301-15','Bat. Allais','30'),
('G 201','4E3MF304-10','Bat. Allais','30'),
('G 201','4E3MF304-11','Bat. Allais','30'),
('G 512','4E3MF301-16','Bat. Allais','45'),
('G 512','4E3MF303-12','Bat. Allais','45'),
('G 205','4E3MF301-17','Bat. Allais','25'),
('G 110','4E3MF303-13','Bat. Allais','80'),
('G 213C','4E3MF302-6','Bat. Allais','30'),
('G AMPHI D','4E3MF301-18','Bat. Allais','180'),
('G 201','4E3MF304-12','Bat. Allais','30'),
('G 512','4E3MF303-14','Bat. Allais','45'),
('G 205','4E3MF301-19','Bat. Allais','25'),
('G 201','4E3MF304-13','Bat. Allais','30'),
('G 109','4E3MF301-20','Bat. Allais','30'),
('G 204','4E3MF303-15','Bat. Allais','25'),
('G 204','4E3MF303-16','Bat. Allais','25'),
('G 110','4E3MC305-5','Bat. Allais','80'),
('G AMPHI E','4E3MF302-7','Bat. Allais','180'),
('N 16','4E3MF301-21','Bat. Ephémère 2','36'),
('G 213C','4E3MF302-8','Bat. Allais','30'),
('G 201','4E3MC305-6','Bat. Allais','30'),
('G AMPHI D','4E3MF304-14','Bat. Allais','180'),
('G 409','4E3MF301-22','Bat. Allais','30'),
('G 201','4E3MF304-15','Bat. Allais','30'),
('G 201','4E3MF304-16','Bat. Allais','30'),
('G 512','4E3MF301-23','Bat. Allais','45'),
('G 512','4E3MF303-17','Bat. Allais','45'),
('G 205','4E3MF301-24','Bat. Allais','25'),
('G 110','4E3MF303-18','Bat. Allais','80'),
('BFC 222','4E3MF302-9','Bat. Formation Continue','35'),
('G 213C','4E3MF302-10','Bat. Allais','30'),
('G AMPHI D','4E3MF301-25','Bat. Allais','180'),
('G 201','4E3MF304-17','Bat. Allais','30'),
('G 512','4E3MF303-19','Bat. Allais','45'),
('G 205','4E3MF301-27','Bat. Allais','25'),
('G 201','4E3MF304-18','Bat. Allais','30'),
('G 109','4E3MF301-28','Bat. Allais','30'),
('G 204','4E3MF303-20','Bat. Allais','25'),
('G 204','4E3MF303-21','Bat. Allais','25'),
('G 110','4E3MC305-7','Bat. Allais','80'),
('G AMPHI E','4E3MF302-11','Bat. Allais','180'),
('N 16','4E3MF301-29','Bat. Ephémère 2','36'),
('G 213C','4E3MF302-12','Bat. Allais','30'),
('G 201','4E3MC305-8','Bat. Allais','30'),
('G AMPHI D','4E3MF304-19','Bat. Allais','180'),
('G 409','4E3MF301-30','Bat. Allais','30'),
('G 201','4E3MF304-20','Bat. Allais','30'),
('G 201','4E3MF304-21','Bat. Allais','30'),
('G 512','4E3MF301-31','Bat. Allais','45'),
('G 512','4E3MF303-22','Bat. Allais','45'),
('G 205','4E3MF301-32','Bat. Allais','25'),
('G 110','4E3MF303-23','Bat. Allais','80'),
('BFC 222','4E3MF302-13','Bat. Formation Continue','35'),
('G 213C','4E3MF302-14','Bat. Allais','30'),
('G AMPHI D','4E3MF301-33','Bat. Allais','180'),
('G 201','4E3MF304-22','Bat. Allais','30'),
('G 512','4E3MF303-24','Bat. Allais','45'),
('G 205','4E3MF301-34','Bat. Allais','25'),
('G 201','4E3MF304-23','Bat. Allais','30'),
('G 109','4E3MF301-35','Bat. Allais','30'),
('G 204','4E3MF303-25','Bat. Allais','25'),
('G 204','4E3MF303-26','Bat. Allais','25'),
('G 110','4E3MC305-9','Bat. Allais','80'),
('G AMPHI E','4E3MF302-15','Bat. Allais','180'),
('N 16','4E3MF301-36','Bat. Ephémère 2','36'),
('G 213C','4E3MF302-16','Bat. Allais','30'),
('G 201','4E3MC305-10','Bat. Allais','30'),
('G AMPHI D','4E3MF304-24','Bat. Allais','180'),
('G 409','4E3MF301-37','Bat. Allais','30'),
('G 201','4E3MF304-25','Bat. Allais','30'),
('G 201','4E3MF304-26','Bat. Allais','30'),
('G 512','4E3MF301-38','Bat. Allais','45'),
('G 512','4E3MF303-29','Bat. Allais','45'),
('G 205','4E3MF301-39','Bat. Allais','25'),
('G 110','4E3MF303-30','Bat. Allais','80'),
('BFC 222','4E3MF302-17','Bat. Formation Continue','35'),
('G 213C','4E3MF302-18','Bat. Allais','30'),
('G AMPHI D','4E3MF301-40','Bat. Allais','180'),
('G 201','4E3MF304-27','Bat. Allais','30'),
('G 512','4E3MF303-31','Bat. Allais','45'),
('G 205','4E3MF301-41','Bat. Allais','25'),
('G 201','4E3MF304-28','Bat. Allais','30'),
('G 109','4E3MF301-42','Bat. Allais','30'),
('G 204','4E3MF303-32','Bat. Allais','25'),
('G 204','4E3MF303-33','Bat. Allais','25'),
('G 110','4E3MC305-11','Bat. Allais','80'),
('G AMPHI E','4E3MF302-19','Bat. Allais','180'),
('N 16','4E3MF301-43','Bat. Ephémère 2','36'),
('G 213C','4E3MF302-20','Bat. Allais','30'),
('G 201','4E3MC305-12','Bat. Allais','30'),
('G AMPHI D','4E3MF304-29','Bat. Allais','180'),
('G AMPHI E','4E3MF301-44','Bat. Allais','180'),
('G 201','4E3MF304-30','Bat. Allais','30'),
('G 201','4E3MF304-31','Bat. Allais','30'),
('G 512','4E3MF301-45','Bat. Allais','45'),
('G 512','4E3MF303-34','Bat. Allais','45'),
('G 205','4E3MF301-46','Bat. Allais','25'),
('G 110','4E3MF303-35','Bat. Allais','80'),
('BFC 222','4E3MF302-21','Bat. Formation Continue','35'),
('G 213C','4E3MF302-22','Bat. Allais','30'),
('G AMPHI D','4E3MF301-47','Bat. Allais','180'),
('G 512','4E3MF303-36','Bat. Allais','45'),
('G 205','4E3MF301-48','Bat. Allais','25'),
('G 109','4E3MF301-49','Bat. Allais','30'),
('G 204','4E3MF303-37','Bat. Allais','25'),
('G 204','4E3MF303-38','Bat. Allais','25'),
('G 110','4E3MC305-13','Bat. Allais','80'),
('G AMPHI E','4E3MF302-23','Bat. Allais','180'),
('N 16','4E3MF301-50','Bat. Ephémère 2','36'),
('G 213C','4E3MF302-24','Bat. Allais','30'),
('G 201','4E3MC305-14','Bat. Allais','30'),
('G AMPHI D','4E3MF304-32','Bat. Allais','180'),
('G 409','4E3MF301-51','Bat. Allais','30'),
('G 201','4E3MF304-33','Bat. Allais','30'),
('G 201','4E3MF304-34','Bat. Allais','30'),
('G 512','4E3MF301-51','Bat. Allais','45'),
('G 512','4E3MF303-39','Bat. Allais','45'),
('G 205','4E3MF301-52','Bat. Allais','25'),
('G 110','4E3MF303-40','Bat. Allais','80'),
('BFC 222','4E3MF302-25','Bat. Formation Continue','35'),
('G 213C','4E3MF302-26','Bat. Allais','30'),
('G AMPHI D','4E3MF301-53','Bat. Allais','180'),
('G 201','4E3MF304-35','Bat. Allais','30'),
('G 512','4E3MF303-41','Bat. Allais','45'),
('G 205','4E3MF301-54','Bat. Allais','25'),
('G 201','4E3MF304-36','Bat. Allais','30'),
('G 109','4E3MF301-55','Bat. Allais','30'),
('G 204','4E3MF303-42','Bat. Allais','25'),
('G 204','4E3MF303-43','Bat. Allais','25'),
('G 110','4E3MC305-15','Bat. Allais','80'),
('G AMPHI E','4E3MF302-27','Bat. Allais','180'),
('N 16','4E3MF301-56','Bat. Ephémère 2','36'),
('G 213C','4E3MF302-28','Bat. Allais','30'),
('G 201','4E3MC305-16','Bat. Allais','30'),
('G AMPHI D','4E3MF304-37','Bat. Allais','180'),
('G 409','4E3MF301-57','Bat. Allais','30'),
('G 201','4E3MF304-38','Bat. Allais','30'),
('G 201','4E3MF304-39','Bat. Allais','30'),
('G 512','4E3MF301-58','Bat. Allais','45'),
('G 512','4E3MF303-44','Bat. Allais','45'),
('G 205','4E3MF301-59','Bat. Allais','25'),
('G 110','4E3MF303-45','Bat. Allais','80'),
('BFC 222','4E3MF302-29','Bat. Formation Continue','35'),
('G 213C','4E3MF302-30','Bat. Allais','30'),
('G AMPHI D','4E3MF301-60','Bat. Allais','180'),
('G 201','4E3MF304-40','Bat. Allais','30'),
('G 512','4E3MF303-46','Bat. Allais','45'),
('G 205','4E3MF301-61','Bat. Allais','25'),
('G 201','4E3MF304-41','Bat. Allais','30'),
('G 109','4E3MF301-62','Bat. Allais','30'),
('G 201','4E3MF304-42','Bat. Allais','30'),
('G 204','4E3MF303-47','Bat. Allais','25'),
('G 201','4E3MF304-43','Bat. Allais','30'),
('G 204','4E3MF303-48','Bat. Allais','25'),
('G 110','4E3MC305-17','Bat. Allais','80'),
('G AMPHI E','4E3MF302-31','Bat. Allais','180'),
('N 16','4E3MF301-63','Bat. Ephémère 2','36'),
('G 213C','4E3MF302-32','Bat. Allais','30'),
('G 201','4E3MC305-18','Bat. Allais','30'),
('G AMPHI D','4E3MF304-44','Bat. Allais','180'),
('G 409','4E3MF301-64','Bat. Allais','30'),
('G 201','4E3MF304-45','Bat. Allais','30'),
('G 201','4E3MF304-46','Bat. Allais','30'),
('G 512','4E3MF301-65','Bat. Allais','45'),
('G 512','4E3MF303-49','Bat. Allais','45'),
('G 205','4E3MF301-66','Bat. Allais','25'),
('G 110','4E3MF303-50','Bat. Allais','80'),
('BFC 222','4E3MF302-33','Bat. Formation Continue','35'),
('G 213C','4E3MF302-34','Bat. Allais','30'),
('G AMPHI D','4E3MF301-67','Bat. Allais','180'),
('G 201','4E3MF304-47','Bat. Allais','30'),
('G 512','4E3MF303-51','Bat. Allais','45'),
('G 205','4E3MF301-68','Bat. Allais','25'),
('G 201','4E3MF304-48','Bat. Allais','30'),
('G 310A','4E3MF301-69','Bat. Allais','35'),
('G 204','4E3MF303-52','Bat. Allais','25'),
('G 204','4E3MF303-53','Bat. Allais','25'),
('G AMPHI E','4E3MF302-35','Bat. Allais','180'),
('N 16','4E3MF301-70','Bat. Ephémère 2','36'),
('G 213C','4E3MF302-36','Bat. Allais','30'),
('G AMPHI D','4E3MF304-49','Bat. Allais','180'),
('G 409','4E3MF301-71','Bat. Allais','30'),
('G 201','4E3MF304-50','Bat. Allais','30'),
('G 201','4E3MF304-51','Bat. Allais','30'),
('G 213C','4E3MF302-37','Bat. Allais','30'),
('G 512','4E3MF301-72','Bat. Allais','45'),
('G 512','4E3MF303-54','Bat. Allais','45'),
('G 205','4E3MF301-73','Bat. Allais','25'),
('G 213A','4E3MF302-38','Bat. Allais','35'),
('G 213C','4E3MF302-39','Bat. Allais','30'),
('G 201','4E3MF304-52','Bat. Allais','30'),
('G 412','4E3MF303-55','Bat. Allais','40'),
('G 205','4E3MF301-74','Bat. Allais','25'),
('G 201','4E3MF304-53','Bat. Allais','30'),
('G 109','4E3MF301-75','Bat. Allais','30'),
('G 204','4E3MF303-56','Bat. Allais','25'),
('G 204','4E3MF303-57','Bat. Allais','25'),
('G AMPHI E','4E3MF302-40','Bat. Allais','180'),
('N 16','4E3MF301-76','Bat. Ephémère 2','36'),
('G 213C','4E3MF302-41','Bat. Allais','30'),
('G 409','4E3MF301-77','Bat. Allais','30'),
('G 201','4E3MF304-54','Bat. Allais','30'),
('G 201','4E3MF304-55','Bat. Allais','30'),
('G 110','4E5M511I-1','Bat. Allais','80'),
('G AMPHI G','4E5M510I-1','Bat. Allais','180'),
('G AMPHI D','4E5M506I-1','Bat. Allais','180'),
('G AMPHI D','4E5M508I-1','Bat. Allais','180'),
('G 213A','4E5M510I-2','Bat. Allais','35'),
('G 301/302','4E5M511I-2','Bat. Allais','50'),
('G AMPHI B','4E5M510I-3','Bat. Allais','475'),
('G AMPHI F','4E5M511I-3','Bat. Allais','180'),
('G 213B','4E5M508I-2','Bat. Allais','22'),
('En cours','4E5M506I-2',' ','0'),
('G 213B','4E5M506I-3','Bat. Allais','22'),
('G 214','4E5M510I-4','Bat. Allais','20'),
('G 213A','4E5M508I-3','Bat. Allais','35'),
('G 213C','4E5M506I-4','Bat. Allais','30'),
('G AMPHI D','4E5M508I-4','Bat. Allais','180'),
('G 301/302','4E5M511I-4','Bat. Allais','50'),
('G AMPHI G','4E5M510I-5','Bat. Allais','180'),
('G 213B','4E5M508I-5','Bat. Allais','22'),
('G AMPHI F','4E5M511I-5','Bat. Allais','180'),
('G AMPHI D','4E5M506I-5','Bat. Allais','180'),
('G 214','4E5M506I-6','Bat. Allais','20'),
('G 214','4E5M510I-6','Bat. Allais','20'),
('G 213A','4E5M508I-6','Bat. Allais','35'),
('G 213B','4E5M506I-7','Bat. Allais','22'),
('G AMPHI D','4E5M508I-7','Bat. Allais','180'),
('G 213A','4E5M510I-7','Bat. Allais','35'),
('G 301/302','4E5M511I-6','Bat. Allais','50'),
('G AMPHI G','4E5M510I-8','Bat. Allais','180'),
('G 213B','4E5M508I-8','Bat. Allais','22'),
('G AMPHI F','4E5M511I-7','Bat. Allais','180'),
('G AMPHI D','4E5M506I-8','Bat. Allais','180'),
('G 213C','4E5M506I-9','Bat. Allais','30'),
('G 214','4E5M510I-9','Bat. Allais','20'),
('G 213A','4E5M508I-9','Bat. Allais','35'),
('G 213B','4E5M506I-10','Bat. Allais','22'),
('G AMPHI D','4E5M508I-10','Bat. Allais','180'),
('G 213B','4E5M510I-10','Bat. Allais','22'),
('G 301/302','4E5M511I-8','Bat. Allais','50'),
('G AMPHI G','4E5M510I-11','Bat. Allais','180'),
('G 213B','4E5M508I-11','Bat. Allais','22'),
('G AMPHI F','4E5M511I-9','Bat. Allais','180'),
('G AMPHI D','4E5M506I-11','Bat. Allais','180'),
('G 213A','4E5M506I-12','Bat. Allais','35'),
('G 214','4E5M510I-12','Bat. Allais','20'),
('G 213A','4E5M508I-12','Bat. Allais','35'),
('G 213B','4E5M506I-13','Bat. Allais','22'),
('G AMPHI D','4E5M508I-13','Bat. Allais','180'),
('G 213A','4E5M510I-13','Bat. Allais','35'),
('G 401/402','4E5M511I-10','Bat. Allais','60'),
('G AMPHI G','4E5M510I-14','Bat. Allais','180'),
('G AMPHI F','4E5M511I-11','Bat. Allais','180'),
('G AMPHI D','4E5M506I-14','Bat. Allais','180'),
('G 213C','4E5M506I-15','Bat. Allais','30'),
('G 214','4E5M510I-15','Bat. Allais','20'),
('G 213A','4E5M508I-14','Bat. Allais','35'),
('G 213B','4E5M506I-16','Bat. Allais','22'),
('G AMPHI D','4E5M508I-15','Bat. Allais','180'),
('G 213B','4E5M508I-16','Bat. Allais','22'),
('G 214','4E5M510I-16','Bat. Allais','20'),
('G 401/402','4E5M511I-12','Bat. Allais','60'),
('G AMPHI G','4E5M510I-17','Bat. Allais','180'),
('G AMPHI F','4E5M511I-13','Bat. Allais','180'),
('G AMPHI D','4E5M506I-17','Bat. Allais','180'),
('G 213B','4E5M506I-18','Bat. Allais','22'),
('G 214','4E5M510I-18','Bat. Allais','20'),
('G 213A','4E5M508I-17','Bat. Allais','35'),
('G 213B','4E5M506I-19','Bat. Allais','22'),
('G AMPHI D','4E5M508I-18','Bat. Allais','180'),
('G 213A','4E5M510I-19','Bat. Allais','35'),
('G 301/302','4E5M511I-14','Bat. Allais','50'),
('G AMPHI G','4E5M510I-20','Bat. Allais','180'),
('G 213B','4E5M508I-19','Bat. Allais','22'),
('G AMPHI F','4E5M511I-15','Bat. Allais','180'),
('G 214','4E5M510I-21','Bat. Allais','20'),
('G 213A','4E5M508I-20','Bat. Allais','35'),
('G 213B','4E5M512I-1','Bat. Allais','22'),
('G AMPHI D','4E5M508I-21','Bat. Allais','180'),
('G 213B','4E5M510I-22','Bat. Allais','22'),
('G 401/402','4E5M511I-16','Bat. Allais','60'),
('G 213C','4E5M508I-22','Bat. Allais','30'),
('G 213B','4E5M508I-23','Bat. Allais','22'),
('G AMPHI D','4E5M507I-1','Bat. Allais','180'),
('G 214','4E5M510I-23','Bat. Allais','20'),
('G 213A','4E5M508I-24','Bat. Allais','35'),
('G 213B','4E5M512I-2','Bat. Allais','22'),
('G AMPHI D','4E5M506I-20','Bat. Allais','180'),
('G 310A','4E5M514I-1','Bat. Allais','35'),
('G AMPHI D','4E5M507I-2','Bat. Allais','180'),
('G 512','4E5M507I-3','Bat. Allais','45'),
('G 403','4E5M514I-2','Bat. Allais','35'),
('N 02','4E5M507I-4','Bat. Ephémère 2','55'),
('G 110','4E5M507I-5','Bat. Allais','80'),
('G 105','4E5M514I-3','Bat. Allais','30'),
('G AMPHI G','4E5M507I-6','Bat. Allais','180'),
('G 401/402','4E5M507I-7','Bat. Allais','60'),
('G 413B','4E5M514I-4','Bat. Allais','45'),
('G AMPHI F','4E5M507I-8','Bat. Allais','180'),
('G 104','4E5M507I-9','Bat. Allais','30'),
('G 213A','4E5M506I-21','Bat. Allais','35'),
('G 301/302','4E5M507I-10','Bat. Allais','50'),
('G 503','4E5M507I-11','Bat. Allais','40'),
('G 310A','4E5M514I-5','Bat. Allais','35'),
('G 101/102','4E5M507I-12','Bat. Allais','55'),
('G 512','4E5M507I-13','Bat. Allais','45'),
('G 201','4E5M506I-22','Bat. Allais','30'),
('G 403','4E5M514I-6','Bat. Allais','35'),
('G 301/302','4E5M507I-14','Bat. Allais','50'),
('G 301/302','4E5M507I-15','Bat. Allais','50'),
('G 301/302','4E5M507I-16','Bat. Allais','50');

-- Ajoute valeurs de la table Enseignant_Cours
INSERT INTO Enseignant_Cours(Enseignant_nom, Code_cours) VALUES 
('HANEN Claire','4E1MF103-1'),
('DOBYINSKY Sylvia','4E1MF103-2'),
('FARAUD Gabriel','4E1MF103-3'),
('HANEN Claire','4E1MF103-4'),
('RAUWEL Nicolas','4E1MF103-5'),
('HANEN Claire','4E1MF103-6'),
('RAUWEL Nicolas','4E1MF103-7'),
('HANEN Claire','4E1MF103-8'),
('DOBYINSKY Sylvia','4E1MF103-9'),
('HANEN Claire','4E1MF103-10'),
('DOBYINSKY Sylvia','4E1MF103-11'),
('DOBYINSKY Sylvia','4E1MF103-12'),
('HANEN Claire','4E1MF103-13'),
('RAUWEL Nicolas','4E1MF103-14'),
('DOBYINSKY Sylvia','4E1MF103-15'),
('FARAUD Gabriel','4E1MF103-16'),
('HANEN Claire','4E1MF103-17'),
('HANEN Claire','4E1MF103-18'),
('HANEN Claire','4E1MF103-19'),
('RAUWEL Nicolas','4E1MF103-20'),
('FARAUD Gabriel','4E1MF103-21'),
('DOBYINSKY Sylvia','4E1MF103-22'),
('HANEN Claire','4E1MF103-23'),
('RAUWEL Nicolas','4E1MF103-24'),
('FARAUD Gabriel','4E1MF103-25'),
('HANEN Claire','4E1MF103-26'),
('HANEN Claire','4E1MF103-27'),
('DOBYINSKY Sylvia','4E1MF103-28'),
('FARAUD Gabriel','4E1MF103-29'),
('LAULIN Lucile','4E1MF101-1'),
('DOBYINSKY Sylvia','4E1MF103-30'),
('HANEN Claire','4E1MF103-31'),
('RAUWEL Nicolas','4E1MF103-32'),
('HANEN Claire','4E1MF103-33'),
('RAUWEL Nicolas','4E1MF103-34'),
('DOBYINSKY Sylvia','4E1MF103-35'),
('HANEN Claire','4E1MF103-36'),
('HANEN Claire','4E1MF103-37'),
('RAUWEL Nicolas','4E1MF103-38'),
('DOBYINSKY Sylvia','4E1MF103-39'),
('FARAUD Gabriel','4E1MF103-40'),
('HANEN Claire','4E1MF103-41'),
('GERVAIS Marie-Pierre','4E1MF102-1'),
('HANEN Claire','4E1MF103-42'),
('DOBYINSKY Sylvia','4E1MF103-43'),
('FARAUD Gabriel','4E1MF103-44'),
('HANEN Claire','4E1MF103-45'),
('RAUWEL Nicolas','4E1MF103-46'),
('DJEBBARA Kamel','4E1MF102-2'),
('TORRI Niccolo','4E1MF101-2'),
('RAUWEL Nicolas','4E1MF101-3'),
('HANEN Claire','4E1MF102-3'),
('BARKI Ali','4E1MF101-4'),
('HANEN Claire','4E1MF102-4'),
('TORRI Niccolo','4E1MF101-5'),
('GERVAIS Marie-Pierre','4E1MF102-5'),
('LAULIN Lucile','4E1MF101-6'),
('GERVAIS Marie-Pierre','4E1MF102-6'),
('LAULIN Lucile','4E1MF101-7'),
('HANEN Claire','4E1MF102-7'),
('BARKI Ali','4E1MF101-8'),
('KMIMECH Hichem','4E1MF102-8'),
('XIAO Yijun','4E1MF101-9'),
('NGANSO YONGOUA Erick','4E1MF102-9'),
('NGANSO YONGOUA Erick','4E1MF102-10'),
('LAULIN Lucile','4E1MF101-10'),
('CHERGUI Anis','4E1MF102-11'),
('RAUWEL Nicolas','4E1MF101-11'),
('GERVAIS Marie-Pierre','4E1MF102-12'),
('GERVAIS Marie-Pierre','4E1MF102-13'),
('XIAO Yijun','4E1MF101-12'),
('KMIMECH Hichem','4E1MF102-14'),
('DJEBBARA Kamel','4E1MF102-15'),
('TORRI Niccolo','4E1MF101-13'),
('RAUWEL Nicolas','4E1MF101-14'),
('GERVAIS Marie-Pierre','4E1MF102-16'),
('BARKI Ali','4E1MF101-15'),
('GERVAIS Marie-Pierre','4E1MF102-17'),
('TORRI Niccolo','4E1MF101-16'),
('GERVAIS Marie-Pierre','4E1MF102-18'),
('LAULIN Lucile','4E1MF101-17'),
('GERVAIS Marie-Pierre','4E1MF102-19'),
('LAULIN Lucile','4E1MF101-18'),
('HANEN Claire','4E1MF102-20'),
('BARKI Ali','4E1MF101-19'),
('KMIMECH Hichem','4E1MF102-21'),
('XIAO Yijun','4E1MF101-20'),
('NGANSO YONGOUA Erick','4E1MF102-22'),
('PRADAT-PEYRE Jean-Francois','4E1CI105-1'),
('NGANSO YONGOUA Erick','4E1MF102-23'),
('LAULIN Lucile','4E1MF101-21'),
('CHERGUI Anis','4E1MF102-24'),
('RAUWEL Nicolas','4E1MF101-22'),
('GERVAIS Marie-Pierre','4E1MF102-25'),
('GERVAIS Marie-Pierre','4E1MF102-26'),
('XIAO Yijun','4E1MF101-23'),
('KMIMECH Hichem','4E1MF102-27'),
('DJEBBARA Kamel','4E1MF102-28'),
('TORRI Niccolo','4E1MF101-24'),
('RAUWEL Nicolas','4E1MF101-25'),
('GERVAIS Marie-Pierre','4E1MF102-29'),
('BARKI Ali','4E1MF101-26'),
('GERVAIS Marie-Pierre','4E1MF102-30'),
('TORRI Niccolo','4E1MF101-27'),
('GERVAIS Marie-Pierre','4E1MF102-31'),
('LAULIN Lucile','4E1MF101-28'),
('GERVAIS Marie-Pierre','4E1MF102-32'),
('LAULIN Lucile','4E1MF101-29'),
('HANEN Claire','4E1MF102-33'),
('BARKI Ali','4E1MF101-30'),
('KMIMECH Hichem','4E1MF102-34'),
('XIAO Yijun','4E1MF101-31'),
('NGANSO YONGOUA Erick','4E1MF102-35'),
('PRADAT-PEYRE Jean-Francois','4E1CI105-2'),
('NGANSO YONGOUA Erick','4E1MF102-36'),
('LAULIN Lucile','4E1MF101-32'),
('CHERGUI Anis','4E1MF102-37'),
('RAUWEL Nicolas','4E1MF101-33'),
('GERVAIS Marie-Pierre','4E1MF102-38'),
('GERVAIS Marie-Pierre','4E1MF102-39'),
('XIAO Yijun','4E1MF101-34'),
('KMIMECH Hichem','4E1MF102-40'),
('DJEBBARA Kamel','4E1MF102-41'),
('TORRI Niccolo','4E1MF101-35'),
('RAUWEL Nicolas','4E1MF101-36'),
('HANEN Claire','4E1MF102-42'),
('BARKI Ali','4E1MF101-37'),
('HANEN Claire','4E1MF102-43'),
('TORRI Niccolo','4E1MF101-38'),
('GERVAIS Marie-Pierre','4E1MF102-44'),
('LAULIN Lucile','4E1MF101-39'),
('GERVAIS Marie-Pierre','4E1MF102-45'),
('LAULIN Lucile','4E1MF101-40'),
('HANEN Claire','4E1MF102-46'),
('BARKI Ali','4E1MF101-41'),
('KMIMECH Hichem','4E1MF102-47'),
('XIAO Yijun','4E1MF101-42'),
('NGANSO YONGOUA Erick','4E1MF102-48'),
('PRADAT-PEYRE Jean-Francois','4E1CI105-3'),
('NGANSO YONGOUA Erick','4E1MF102-49'),
('LAULIN Lucile','4E1MF101-43'),
('CHERGUI Anis','4E1MF102-50'),
('RAUWEL Nicolas','4E1MF101-44'),
('GERVAIS Marie-Pierre','4E1MF102-51'),
('GERVAIS Marie-Pierre','4E1MF102-52'),
('XIAO Yijun','4E1MF101-45'),
('KMIMECH Hichem','4E1MF102-53'),
('DJEBBARA Kamel','4E1MF102-54'),
('TORRI Niccolo','4E1MF101-46'),
('RAUWEL Nicolas','4E1MF101-47'),
('HANEN Claire','4E1MF102-55'),
('BARKI Ali','4E1MF101-48'),
('HANEN Claire','4E1MF102-56'),
('TORRI Niccolo','4E1MF101-49'),
('GERVAIS Marie-Pierre','4E1MF102-57'),
('LAULIN Lucile','4E1MF101-50'),
('GERVAIS Marie-Pierre','4E1MF102-58'),
('LAULIN Lucile','4E1MF101-51'),
('HANEN Claire','4E1MF102-59'),
('BARKI Ali','4E1MF101-52'),
('KMIMECH Hichem','4E1MF102-60'),
('XIAO Yijun','4E1MF101-53'),
('NGANSO YONGOUA Erick','4E1MF102-61'),
('NGANSO YONGOUA Erick','4E1MF102-62'),
('LAULIN Lucile','4E1MF101-54'),
('CHERGUI Anis','4E1MF102-63'),
('RAUWEL Nicolas','4E1MF101-55'),
('GERVAIS Marie-Pierre','4E1MF102-64'),
('GERVAIS Marie-Pierre','4E1MF102-65'),
('XIAO Yijun','4E1MF101-56'),
('KMIMECH Hichem','4E1MF102-66'),
('DJEBBARA Kamel','4E1MF102-67'),
('TORRI Niccolo','4E1MF101-57'),
('RAUWEL Nicolas','4E1MF101-58'),
('GERVAIS Marie-Pierre','4E1MF102-68'),
('BARKI Ali','4E1MF101-59'),
('GERVAIS Marie-Pierre','4E1MF102-69'),
('LAULIN Lucile','4E1MF101-60'),
('GERVAIS Marie-Pierre','4E1MF102-70'),
('LAULIN Lucile','4E1MF101-61'),
('GERVAIS Marie-Pierre','4E1MF102-71'),
('LAULIN Lucile','4E1MF101-62'),
('HANEN Claire','4E1MF102-72'),
('TORRI Niccolo','4E1MF101-63'),
('BARKI Ali','4E1MF101-64'),
('KMIMECH Hichem','4E1MF102-73'),
('LAULIN Lucile','4E1MF101-65'),
('XIAO Yijun','4E1MF101-66'),
('NGANSO YONGOUA Erick','4E1MF102-74'),
('NGANSO YONGOUA Erick','4E1MF102-75'),
('LAULIN Lucile','4E1MF101-67'),
('CHERGUI Anis','4E1MF102-76'),
('RAUWEL Nicolas','4E1MF101-68'),
('GERVAIS Marie-Pierre','4E1MF102-77'),
('GERVAIS Marie-Pierre','4E1MF102-78'),
('XIAO Yijun','4E1MF101-69'),
('KMIMECH Hichem','4E1MF102-79'),
('DJEBBARA Kamel','4E1MF102-80'),
('TORRI Niccolo','4E1MF101-70'),
('RAUWEL Nicolas','4E1MF101-71'),
('GERVAIS Marie-Pierre','4E1MF102-81'),
('BARKI Ali','4E1MF101-72'),
('GERVAIS Marie-Pierre','4E1MF102-82'),
('GERVAIS Marie-Pierre','4E1MF102-83'),
('TORRI Niccolo','4E1MF101-73'),
('GERVAIS Marie-Pierre','4E1MF102-84'),
('HANEN Claire','4E1MF102-85'),
('BARKI Ali','4E1MF101-74'),
('KMIMECH Hichem','4E1MF102-86'),
('XIAO Yijun','4E1MF101-75'),
('NGANSO YONGOUA Erick','4E1MF102-87'),
('NGANSO YONGOUA Erick','4E1MF102-88'),
('CHERGUI Anis','4E1MF102-89'),
('RAUWEL Nicolas','4E1MF101-76'),
('GERVAIS Marie-Pierre','4E1MF102-90'),
('GERVAIS Marie-Pierre','4E1MF102-91'),
('XIAO Yijun','4E1MF101-77'),
('KMIMECH Hichem','4E1MF102-92'),
('DJEBBARA Kamel','4E1MF102-93'),
('TORRI Niccolo','4E1MF101-78'),
('RAUWEL Nicolas','4E1MF101-79'),
('GERVAIS Marie-Pierre','4E1MF102-94'),
('BARKI Ali','4E1MF101-80'),
('GERVAIS Marie-Pierre','4E1MF102-95'),
('TORRI Niccolo','4E1MF101-81'),
('GERVAIS Marie-Pierre','4E1MF102-96'),
('LAULIN Lucile','4E1MF101-82'),
('GERVAIS Marie-Pierre','4E1MF102-97'),
('LAULIN Lucile','4E1MF101-83'),
('HANEN Claire','4E1MF102-98'),
('BARKI Ali','4E1MF101-84'),
('KMIMECH Hichem','4E1MF102-99'),
('XIAO Yijun','4E1MF101-85'),
('NGANSO YONGOUA Erick','4E1MF102-100'),
('NGANSO YONGOUA Erick','4E1MF102-101'),
('LAULIN Lucile','4E1MF101-86'),
('CHERGUI Anis','4E1MF102-102'),
('RAUWEL Nicolas','4E1MF101-87'),
('GERVAIS Marie-Pierre','4E1MF102-103'),
('GERVAIS Marie-Pierre','4E1MF102-104'),
('XIAO Yijun','4E1MF101-88'),
('KMIMECH Hichem','4E1MF102-105'),
('LAULIN Lucile','4E1MF101-89'),
('DJEBBARA Kamel','4E1MF102-106'),
('TORRI Niccolo','4E1MF101-90'),
('RAUWEL Nicolas','4E1MF101-91'),
('HANEN Claire','4E1MF102-107'),
('BARKI Ali','4E1MF101-92'),
('HANEN Claire','4E1MF102-108'),
('TORRI Niccolo','4E1MF101-93'),
('GERVAIS Marie-Pierre','4E1MF102-109'),
('LAULIN Lucile','4E1MF101-94'),
('GERVAIS Marie-Pierre','4E1MF102-110'),
('LAULIN Lucile','4E1MF101-95'),
('HANEN Claire','4E1MF102-111'),
('BARKI Ali','4E1MF101-96'),
('KMIMECH Hichem','4E1MF102-112'),
('XIAO Yijun','4E1MF101-97'),
('NGANSO YONGOUA Erick','4E1MF102-113'),
('NGANSO YONGOUA Erick','4E1MF102-114'),
('LAULIN Lucile','4E1MF101-98'),
('CHERGUI Anis','4E1MF102-115'),
('RAUWEL Nicolas','4E1MF101-99'),
('GERVAIS Marie-Pierre','4E1MF102-116'),
('GERVAIS Marie-Pierre','4E1MF102-117'),
('XIAO Yijun','4E1MF101-100'),
('KMIMECH Hichem','4E1MF102-118'),
('DJEBBARA Kamel','4E1MF102-119'),
('TORRI Niccolo','4E1MF101-101'),
('RAUWEL Nicolas','4E1MF101-102'),
('HANEN Claire','4E1MF102-120'),
('BARKI Ali','4E1MF101-103'),
('HANEN Claire','4E1MF102-121'),
('GERVAIS Marie-Pierre','4E1MF102-122'),
('GERVAIS Marie-Pierre','4E1MF102-123'),
('LAULIN Lucile','4E1MF101-104'),
('TORRI Niccolo','4E1MF101-105'),
('HANEN Claire','4E1MF102-124'),
('BARKI Ali','4E1MF101-106'),
('KMIMECH Hichem','4E1MF102-125'),
('XIAO Yijun','4E1MF101-107'),
('NGANSO YONGOUA Erick','4E1MF102-126'),
('NGANSO YONGOUA Erick','4E1MF102-127'),
('LAULIN Lucile','4E1MF101-108'),
('CHERGUI Anis','4E1MF102-128'),
('RAUWEL Nicolas','4E1MF101-109'),
('GERVAIS Marie-Pierre','4E1MF102-129'),
('XIAO Yijun','4E1MF101-110'),
('KMIMECH Hichem','4E1MF102-130'),
('LEONARD Christian','4E3MISTE-1'),
('MILLER Luc','4E3MF303-1'),
('ROBERTO Cyril','4E3MF301-1'),
('LEONARD Christian','4E3MISTE-2'),
('LEONARD Christian','4E3MISTE-3'),
('DELBOT Francois','4E3MF304-1'),
('ESSIFI Rim','4E3MF301-2'),
('MILLER Luc','4E3MF303-2'),
('XIAO Yijun','4E3MF301-3'),
('MILLER Luc','4E3MF303-3'),
('ROBERTO Cyril','4E3MF301-4'),
('BOUQUET Valentin','4E3MF304-2'),
('MILLER Luc','4E3MF303-4'),
('XIAO Yijun','4E3MF301-5'),
('BOUQUET Valentin','4E3MF304-3'),
('ESSIFI Rim','4E3MF301-6'),
('XIAO Yijun','4E3MF303-5'),
('LEONARD Christian','4E3MISTE-4'),
('XIAO Yijun','4E3MF303-6'),
('PRADAT-PEYRE Jean-Francois','4E3MC305-1'),
('LEONARD Christian','4E3MISTE-5'),
('SAADAOUI Sonia','4E3MF302-1'),
('ROBERTO Cyril','4E3MF301-7'),
('SAADAOUI Sonia','4E3MF302-2'),
('ANANI Thibault','4E3MC305-2'),
('DELBOT Francois','4E3MF304-4'),
('ROBERTO Cyril','4E3MF301-8'),
('DELBOT Francois','4E3MF304-5'),
('DELBOT Francois','4E3MF304-6'),
('ESSIFI Rim','4E3MF301-9'),
('MILLER Luc','4E3MF303-7'),
('XIAO Yijun','4E3MF301-10'),
('MILLER Luc','4E3MF303-8'),
('NAFI Mohammed','4E3MF302-3'),
('ROBERTO Cyril','4E3MF301-11'),
('BOUQUET Valentin','4E3MF304-7'),
('MILLER Luc','4E3MF303-9'),
('XIAO Yijun','4E3MF301-12'),
('BOUQUET Valentin','4E3MF304-8'),
('ESSIFI Rim','4E3MF301-13'),
('XIAO Yijun','4E3MF303-10'),
('KMIMECH Hichem','4E3MF302-4'),
('XIAO Yijun','4E3MF303-11'),
('PRADAT-PEYRE Jean-Francois','4E3MC305-3'),
('SAADAOUI Sonia','4E3MF302-5'),
('LEONARD Christian','4E3MISTE-6'),
('ROBERTO Cyril','4E3MF301-14'),
('ANANI Thibault','4E3MC305-4'),
('DELBOT Francois','4E3MF304-9'),
('ROBERTO Cyril','4E3MF301-15'),
('DELBOT Francois','4E3MF304-10'),
('DELBOT Francois','4E3MF304-11'),
('ESSIFI Rim','4E3MF301-16'),
('MILLER Luc','4E3MF303-12'),
('XIAO Yijun','4E3MF301-17'),
('MILLER Luc','4E3MF303-13'),
('NAFI Mohammed','4E3MF302-6'),
('ROBERTO Cyril','4E3MF301-18'),
('BOUQUET Valentin','4E3MF304-12'),
('MILLER Luc','4E3MF303-14'),
('XIAO Yijun','4E3MF301-19'),
('BOUQUET Valentin','4E3MF304-13'),
('ESSIFI Rim','4E3MF301-20'),
('XIAO Yijun','4E3MF303-15'),
('XIAO Yijun','4E3MF303-16'),
('PRADAT-PEYRE Jean-Francois','4E3MC305-5'),
('KMIMECH Hichem','4E3MF302-7'),
('ROBERTO Cyril','4E3MF301-21'),
('KMIMECH Hichem','4E3MF302-8'),
('ANANI Thibault','4E3MC305-6'),
('DELBOT Francois','4E3MF304-14'),
('ROBERTO Cyril','4E3MF301-22'),
('DELBOT Francois','4E3MF304-15'),
('DELBOT Francois','4E3MF304-16'),
('ESSIFI Rim','4E3MF301-23'),
('MILLER Luc','4E3MF303-17'),
('XIAO Yijun','4E3MF301-24'),
('MILLER Luc','4E3MF303-18'),
('ANGARITA AROCHA Rafael','4E3MF302-9'),
('NAFI Mohammed','4E3MF302-10'),
('ROBERTO Cyril','4E3MF301-25'),
('BOUQUET Valentin','4E3MF304-17'),
('MILLER Luc','4E3MF303-19'),
('XIAO Yijun','4E3MF301-27'),
('BOUQUET Valentin','4E3MF304-18'),
('ESSIFI Rim','4E3MF301-28'),
('XIAO Yijun','4E3MF303-20'),
('XIAO Yijun','4E3MF303-21'),
('PRADAT-PEYRE Jean-Francois','4E3MC305-7'),
('KMIMECH Hichem','4E3MF302-11'),
('ROBERTO Cyril','4E3MF301-29'),
('KMIMECH Hichem','4E3MF302-12'),
('PRADAT-PEYRE Jean-Francois','4E3MC305-8'),
('DELBOT Francois','4E3MF304-19'),
('ROBERTO Cyril','4E3MF301-30'),
('DELBOT Francois','4E3MF304-20'),
('DELBOT Francois','4E3MF304-21'),
('ESSIFI Rim','4E3MF301-31'),
('MILLER Luc','4E3MF303-22'),
('XIAO Yijun','4E3MF301-32'),
('MILLER Luc','4E3MF303-23'),
('ANANI Thibault','4E3MF302-13'),
('NAFI Mohammed','4E3MF302-14'),
('ROBERTO Cyril','4E3MF301-33'),
('BOUQUET Valentin','4E3MF304-22'),
('MILLER Luc','4E3MF303-24'),
('XIAO Yijun','4E3MF301-34'),
('BOUQUET Valentin','4E3MF304-23'),
('ESSIFI Rim','4E3MF301-35'),
('XIAO Yijun','4E3MF303-25'),
('XIAO Yijun','4E3MF303-26'),
('PRADAT-PEYRE Jean-Francois','4E3MC305-9'),
('KMIMECH Hichem','4E3MF302-15'),
('ROBERTO Cyril','4E3MF301-36'),
('KMIMECH Hichem','4E3MF302-16'),
('ANANI Thibault','4E3MC305-10'),
('DELBOT Francois','4E3MF304-24'),
('ROBERTO Cyril','4E3MF301-37'),
('DELBOT Francois','4E3MF304-25'),
('DELBOT Francois','4E3MF304-26'),
('ESSIFI Rim','4E3MF301-38'),
('MILLER Luc','4E3MF303-29'),
('XIAO Yijun','4E3MF301-39'),
('MILLER Luc','4E3MF303-30'),
('ANANI Thibault','4E3MF302-17'),
('NAFI Mohammed','4E3MF302-18'),
('ROBERTO Cyril','4E3MF301-40'),
('BOUQUET Valentin','4E3MF304-27'),
('MILLER Luc','4E3MF303-31'),
('XIAO Yijun','4E3MF301-41'),
('BOUQUET Valentin','4E3MF304-28'),
('ESSIFI Rim','4E3MF301-42'),
('XIAO Yijun','4E3MF303-32'),
('XIAO Yijun','4E3MF303-33'),
('PRADAT-PEYRE Jean-Francois','4E3MC305-11'),
('KMIMECH Hichem','4E3MF302-19'),
('ROBERTO Cyril','4E3MF301-43'),
('KMIMECH Hichem','4E3MF302-20'),
('ANANI Thibault','4E3MC305-12'),
('DELBOT Francois','4E3MF304-29'),
('ROBERTO Cyril','4E3MF301-44'),
('DELBOT Francois','4E3MF304-30'),
('DELBOT Francois','4E3MF304-31'),
('ESSIFI Rim','4E3MF301-45'),
('MILLER Luc','4E3MF303-34'),
('XIAO Yijun','4E3MF301-46'),
('MILLER Luc','4E3MF303-35'),
('ANANI Thibault','4E3MF302-21'),
('NAFI Mohammed','4E3MF302-22'),
('ROBERTO Cyril','4E3MF301-47'),
('MILLER Luc','4E3MF303-36'),
('XIAO Yijun','4E3MF301-48'),
('ESSIFI Rim','4E3MF301-49'),
('XIAO Yijun','4E3MF303-37'),
('XIAO Yijun','4E3MF303-38'),
('PRADAT-PEYRE Jean-Francois','4E3MC305-13'),
('KMIMECH Hichem','4E3MF302-23'),
('ROBERTO Cyril','4E3MF301-50'),
('KMIMECH Hichem','4E3MF302-24'),
('ANANI Thibault','4E3MC305-14'),
('DELBOT Francois','4E3MF304-32'),
('ROBERTO Cyril','4E3MF301-51'),
('DELBOT Francois','4E3MF304-33'),
('DELBOT Francois','4E3MF304-34'),
('ESSIFI Rim','4E3MF301-51'),
('MILLER Luc','4E3MF303-39'),
('XIAO Yijun','4E3MF301-52'),
('MILLER Luc','4E3MF303-40'),
('ANANI Thibault','4E3MF302-25'),
('NAFI Mohammed','4E3MF302-26'),
('ROBERTO Cyril','4E3MF301-53'),
('BOUQUET Valentin','4E3MF304-35'),
('MILLER Luc','4E3MF303-41'),
('XIAO Yijun','4E3MF301-54'),
('BOUQUET Valentin','4E3MF304-36'),
('ESSIFI Rim','4E3MF301-55'),
('XIAO Yijun','4E3MF303-42'),
('XIAO Yijun','4E3MF303-43'),
('ANANI Thibault','4E3MC305-15'),
('KMIMECH Hichem','4E3MF302-27'),
('ROBERTO Cyril','4E3MF301-56'),
('KMIMECH Hichem','4E3MF302-28'),
('ANANI Thibault','4E3MC305-16'),
('DELBOT Francois','4E3MF304-37'),
('ROBERTO Cyril','4E3MF301-57'),
('DELBOT Francois','4E3MF304-38'),
('DELBOT Francois','4E3MF304-39'),
('ESSIFI Rim','4E3MF301-58'),
('MILLER Luc','4E3MF303-44'),
('XIAO Yijun','4E3MF301-59'),
('MILLER Luc','4E3MF303-45'),
('ANANI Thibault','4E3MF302-29'),
('NAFI Mohammed','4E3MF302-30'),
('ROBERTO Cyril','4E3MF301-60'),
('BOUQUET Valentin','4E3MF304-40'),
('MILLER Luc','4E3MF303-46'),
('XIAO Yijun','4E3MF301-61'),
('BOUQUET Valentin','4E3MF304-41'),
('ESSIFI Rim','4E3MF301-62'),
('BOUQUET Valentin','4E3MF304-42'),
('XIAO Yijun','4E3MF303-47'),
('BOUQUET Valentin','4E3MF304-43'),
('XIAO Yijun','4E3MF303-48'),
('PRADAT-PEYRE Jean-Francois','4E3MC305-17'),
('KMIMECH Hichem','4E3MF302-31'),
('ROBERTO Cyril','4E3MF301-63'),
('KMIMECH Hichem','4E3MF302-32'),
('ANANI Thibault','4E3MC305-18'),
('DELBOT Francois','4E3MF304-44'),
('ROBERTO Cyril','4E3MF301-64'),
('DELBOT Francois','4E3MF304-45'),
('DELBOT Francois','4E3MF304-46'),
('ESSIFI Rim','4E3MF301-65'),
('MILLER Luc','4E3MF303-49'),
('XIAO Yijun','4E3MF301-66'),
('MILLER Luc','4E3MF303-50'),
('ANANI Thibault','4E3MF302-33'),
('NAFI Mohammed','4E3MF302-34'),
('ROBERTO Cyril','4E3MF301-67'),
('BOUQUET Valentin','4E3MF304-47'),
('MILLER Luc','4E3MF303-51'),
('XIAO Yijun','4E3MF301-68'),
('BOUQUET Valentin','4E3MF304-48'),
('ESSIFI Rim','4E3MF301-69'),
('XIAO Yijun','4E3MF303-52'),
('XIAO Yijun','4E3MF303-53'),
('KMIMECH Hichem','4E3MF302-35'),
('ROBERTO Cyril','4E3MF301-70'),
('KMIMECH Hichem','4E3MF302-36'),
('DELBOT Francois','4E3MF304-49'),
('ROBERTO Cyril','4E3MF301-71'),
('DELBOT Francois','4E3MF304-50'),
('DELBOT Francois','4E3MF304-51'),
('NAFI Mohammed','4E3MF302-37'),
('ESSIFI Rim','4E3MF301-72'),
('MILLER Luc','4E3MF303-54'),
('XIAO Yijun','4E3MF301-73'),
('ANANI Thibault','4E3MF302-38'),
('NAFI Mohammed','4E3MF302-39'),
('BOUQUET Valentin','4E3MF304-52'),
('MILLER Luc','4E3MF303-55'),
('XIAO Yijun','4E3MF301-74'),
('BOUQUET Valentin','4E3MF304-53'),
('ESSIFI Rim','4E3MF301-75'),
('XIAO Yijun','4E3MF303-56'),
('XIAO Yijun','4E3MF303-57'),
('KMIMECH Hichem','4E3MF302-40'),
('ROBERTO Cyril','4E3MF301-76'),
('KMIMECH Hichem','4E3MF302-41'),
('ROBERTO Cyril','4E3MF301-77'),
('DELBOT Francois','4E3MF304-54'),
('DELBOT Francois','4E3MF304-55'),
('ISOARD Thierry Michel','4E5M511I-1'),
('BRAIKI Khaoula','4E5M510I-1'),
('ANGARITA AROCHA Rafael','4E5M506I-1'),
('HYON Emmanuel','4E5M508I-1'),
('BRAIKI Khaoula','4E5M510I-2'),
('ISOARD Thierry Michel','4E5M511I-2'),
('BRAIKI Khaoula','4E5M510I-3'),
('ISOARD Thierry Michel','4E5M511I-3'),
('ANGARITA AROCHA Rafael','4E5M508I-2'),
('ANGARITA AROCHA Rafael','4E5M506I-2'),
('ANGARITA AROCHA Rafael','4E5M506I-3'),
('BRAIKI Khaoula','4E5M510I-4'),
('HYON Emmanuel','4E5M508I-3'),
('ANGARITA AROCHA Rafael','4E5M506I-4'),
('HYON Emmanuel','4E5M508I-4'),
('ISOARD Thierry Michel','4E5M511I-4'),
('BRAIKI Khaoula','4E5M510I-5'),
('ANGARITA AROCHA Rafael','4E5M508I-5'),
('ISOARD Thierry Michel','4E5M511I-5'),
('ANGARITA AROCHA Rafael','4E5M506I-5'),
('ANGARITA AROCHA Rafael','4E5M506I-6'),
('BRAIKI Khaoula','4E5M510I-6'),
('HYON Emmanuel','4E5M508I-6'),
('ANGARITA AROCHA Rafael','4E5M506I-7'),
('HYON Emmanuel','4E5M508I-7'),
('BRAIKI Khaoula','4E5M510I-7'),
('ISOARD Thierry Michel','4E5M511I-6'),
('BRAIKI Khaoula','4E5M510I-8'),
('ANGARITA AROCHA Rafael','4E5M508I-8'),
('ISOARD Thierry Michel','4E5M511I-7'),
('ANGARITA AROCHA Rafael','4E5M506I-8'),
('ANGARITA AROCHA Rafael','4E5M506I-9'),
('BRAIKI Khaoula','4E5M510I-9'),
('HYON Emmanuel','4E5M508I-9'),
('ANGARITA AROCHA Rafael','4E5M506I-10'),
('HYON Emmanuel','4E5M508I-10'),
('BRAIKI Khaoula','4E5M510I-10'),
('ISOARD Thierry Michel','4E5M511I-8'),
('BRAIKI Khaoula','4E5M510I-11'),
('ANGARITA AROCHA Rafael','4E5M508I-11'),
('ISOARD Thierry Michel','4E5M511I-9'),
('ANGARITA AROCHA Rafael','4E5M506I-11'),
('ANGARITA AROCHA Rafael','4E5M506I-12'),
('BRAIKI Khaoula','4E5M510I-12'),
('HYON Emmanuel','4E5M508I-12'),
('ANGARITA AROCHA Rafael','4E5M506I-13'),
('HYON Emmanuel','4E5M508I-13'),
('BRAIKI Khaoula','4E5M510I-13'),
('ISOARD Thierry Michel','4E5M511I-10'),
('BRAIKI Khaoula','4E5M510I-14'),
('ISOARD Thierry Michel','4E5M511I-11'),
('ANGARITA AROCHA Rafael','4E5M506I-14'),
('ANGARITA AROCHA Rafael','4E5M506I-15'),
('BRAIKI Khaoula','4E5M510I-15'),
('HYON Emmanuel','4E5M508I-14'),
('ANGARITA AROCHA Rafael','4E5M506I-16'),
('HYON Emmanuel','4E5M508I-15'),
('HYON Emmanuel','4E5M508I-16'),
('BRAIKI Khaoula','4E5M510I-16'),
('ISOARD Thierry Michel','4E5M511I-12'),
('BRAIKI Khaoula','4E5M510I-17'),
('ISOARD Thierry Michel','4E5M511I-13'),
('ANGARITA AROCHA Rafael','4E5M506I-17'),
('ANGARITA AROCHA Rafael','4E5M506I-18'),
('BRAIKI Khaoula','4E5M510I-18'),
('HYON Emmanuel','4E5M508I-17'),
('ANGARITA AROCHA Rafael','4E5M506I-19'),
('HYON Emmanuel','4E5M508I-18'),
('BRAIKI Khaoula','4E5M510I-19'),
('ISOARD Thierry Michel','4E5M511I-14'),
('BRAIKI Khaoula','4E5M510I-20'),
('HYON Emmanuel','4E5M508I-19'),
('ISOARD Thierry Michel','4E5M511I-15'),
('BRAIKI Khaoula','4E5M510I-21'),
('HYON Emmanuel','4E5M508I-20'),
('MACONE Marie','4E5M512I-1'),
('HYON Emmanuel','4E5M508I-21'),
('BRAIKI Khaoula','4E5M510I-22'),
('ISOARD Thierry Michel','4E5M511I-16'),
('HYON Emmanuel','4E5M508I-22'),
('HYON Emmanuel','4E5M508I-23'),
('ISOARD Thierry Michel','4E5M507I-1'),
('BRAIKI Khaoula','4E5M510I-23'),
('HYON Emmanuel','4E5M508I-24'),
('MACONE Marie','4E5M512I-2'),
('ANGARITA AROCHA Rafael','4E5M506I-20'),
('GUEZOU Xavier','4E5M514I-1'),
('ISOARD Thierry Michel','4E5M507I-2'),
('ISOARD Thierry Michel','4E5M507I-3'),
('GUEZOU Xavier','4E5M514I-2'),
('ISOARD Thierry Michel','4E5M507I-4'),
('ISOARD Thierry Michel','4E5M507I-5'),
('GUEZOU Xavier','4E5M514I-3'),
('ISOARD Thierry Michel','4E5M507I-6'),
('ISOARD Thierry Michel','4E5M507I-7'),
('GUEZOU Xavier','4E5M514I-4'),
('ISOARD Thierry Michel','4E5M507I-8'),
('ISOARD Thierry Michel','4E5M507I-9'),
('ANGARITA AROCHA Rafael','4E5M506I-21'),
('ISOARD Thierry Michel','4E5M507I-10'),
('ISOARD Thierry Michel','4E5M507I-11'),
('GUEZOU Xavier','4E5M514I-5'),
('ISOARD Thierry Michel','4E5M507I-12'),
('ISOARD Thierry Michel','4E5M507I-13'),
('ANGARITA AROCHA Rafael','4E5M506I-22'),
('GUEZOU Xavier','4E5M514I-6'),
('ISOARD Thierry Michel','4E5M507I-14'),
('ISOARD Thierry Michel','4E5M507I-15'),
('ISOARD Thierry Michel','4E5M507I-16');

-- Ajoute valeurs de la table Cours_GroupeTD
INSERT INTO Cours_GroupeTD (Code_cours, ID_TD) VALUES 
('4E1MF103-1',1),
('4E1MF103-1',2),
('4E1MF103-1',3),
('4E1MF103-1',4),
('4E1MF103-1',5),
('4E1MF103-2',4),
('4E1MF103-3',5),
('4E1MF103-4',1),
('4E1MF103-5',3),
('4E1MF103-6',2),
('4E1MF103-7',3),
('4E1MF103-8',1),
('4E1MF103-9',1),
('4E1MF103-9',2),
('4E1MF103-9',3),
('4E1MF103-9',4),
('4E1MF103-9',5),
('4E1MF103-10',2),
('4E1MF103-11',4),
('4E1MF103-12',1),
('4E1MF103-12',2),
('4E1MF103-12',3),
('4E1MF103-12',4),
('4E1MF103-12',5),
('4E1MF103-13',2),
('4E1MF103-14',3),
('4E1MF103-15',4),
('4E1MF103-16',5),
('4E1MF103-17',1),
('4E1MF103-18',1),
('4E1MF103-18',2),
('4E1MF103-18',3),
('4E1MF103-18',4),
('4E1MF103-18',5),
('4E1MF103-19',1),
('4E1MF103-20',3),
('4E1MF103-21',5),
('4E1MF103-22',4),
('4E1MF103-23',2),
('4E1MF103-24',3),
('4E1MF103-25',5),
('4E1MF103-26',1),
('4E1MF103-26',2),
('4E1MF103-26',3),
('4E1MF103-26',4),
('4E1MF103-26',5),
('4E1MF103-27',1),
('4E1MF103-28',4),
('4E1MF103-29',5),
('4E1MF101-1',1),
('4E1MF101-1',2),
('4E1MF101-1',3),
('4E1MF101-1',4),
('4E1MF101-1',5),
('4E1MF103-30',1),
('4E1MF103-30',2),
('4E1MF103-30',3),
('4E1MF103-30',4),
('4E1MF103-30',5),
('4E1MF103-31',2),
('4E1MF103-32',3),
('4E1MF103-33',1),
('4E1MF103-34',3),
('4E1MF103-35',4),
('4E1MF103-36',2),
('4E1MF103-37',2),
('4E1MF103-38',3),
('4E1MF103-39',4),
('4E1MF103-40',5),
('4E1MF103-41',1),
('4E1MF102-1',1),
('4E1MF102-1',2),
('4E1MF102-1',3),
('4E1MF102-1',4),
('4E1MF102-1',5),
('4E1MF102-1',6),
('4E1MF103-42',2),
('4E1MF103-43',4),
('4E1MF103-44',5),
('4E1MF103-45',1),
('4E1MF103-46',3),
('4E1MF102-2',2),
('4E1MF101-2',1),
('4E1MF101-3',3),
('4E1MF102-3',6),
('4E1MF101-4',2),
('4E1MF102-4',1),
('4E1MF101-5',1),
('4E1MF102-5',6),
('4E1MF101-6',1),
('4E1MF101-6',2),
('4E1MF101-6',3),
('4E1MF101-6',4),
('4E1MF101-6',5),
('4E1MF102-6',1),
('4E1MF101-7',4),
('4E1MF102-7',3),
('4E1MF101-8',2),
('4E1MF102-8',2),
('4E1MF102-8',6),
('4E1MF101-9',5),
('4E1MF102-9',3),
('4E1MF102-10',5),
('4E1MF101-10',4),
('4E1MF102-11',4),
('4E1MF101-11',3),
('4E1MF102-12',1),
('4E1MF102-12',2),
('4E1MF102-12',3),
('4E1MF102-12',4),
('4E1MF102-12',5),
('4E1MF102-12',6),
('4E1MF102-13',4),
('4E1MF101-12',5),
('4E1MF102-14',5),
('4E1MF102-15',2),
('4E1MF101-13',1),
('4E1MF101-14',3),
('4E1MF102-16',6),
('4E1MF101-15',2),
('4E1MF102-17',1),
('4E1MF101-16',1),
('4E1MF102-18',6),
('4E1MF101-17',1),
('4E1MF101-17',2),
('4E1MF101-17',3),
('4E1MF101-17',4),
('4E1MF101-17',5),
('4E1MF102-19',1),
('4E1MF101-18',4),
('4E1MF102-20',3),
('4E1MF101-19',2),
('4E1MF102-21',2),
('4E1MF102-21',6),
('4E1MF101-20',5),
('4E1MF102-22',3),
('4E1CI105-1',6),
('4E1MF102-23',5),
('4E1MF101-21',4),
('4E1MF102-24',4),
('4E1MF101-22',3),
('4E1MF102-25',1),
('4E1MF102-25',2),
('4E1MF102-25',3),
('4E1MF102-25',4),
('4E1MF102-25',5),
('4E1MF102-25',6),
('4E1MF102-26',4),
('4E1MF101-23',5),
('4E1MF102-27',5),
('4E1MF102-28',2),
('4E1MF101-24',1),
('4E1MF101-25',3),
('4E1MF102-29',6),
('4E1MF101-26',2),
('4E1MF102-30',1),
('4E1MF101-27',1),
('4E1MF102-31',6),
('4E1MF101-28',1),
('4E1MF101-28',2),
('4E1MF101-28',3),
('4E1MF101-28',4),
('4E1MF101-28',5),
('4E1MF102-32',1),
('4E1MF101-29',4),
('4E1MF102-33',3),
('4E1MF101-30',2),
('4E1MF102-34',2),
('4E1MF102-34',6),
('4E1MF101-31',5),
('4E1MF102-35',3),
('4E1CI105-2',6),
('4E1MF102-36',5),
('4E1MF101-32',4),
('4E1MF102-37',4),
('4E1MF101-33',3),
('4E1MF102-38',1),
('4E1MF102-38',2),
('4E1MF102-38',3),
('4E1MF102-38',4),
('4E1MF102-38',5),
('4E1MF102-38',6),
('4E1MF102-39',4),
('4E1MF101-34',5),
('4E1MF102-40',5),
('4E1MF102-41',2),
('4E1MF101-35',1),
('4E1MF101-36',3),
('4E1MF102-42',6),
('4E1MF101-37',2),
('4E1MF102-43',1),
('4E1MF101-38',1),
('4E1MF102-44',6),
('4E1MF101-39',1),
('4E1MF101-39',2),
('4E1MF101-39',3),
('4E1MF101-39',4),
('4E1MF101-39',5),
('4E1MF102-45',1),
('4E1MF101-40',4),
('4E1MF102-46',3),
('4E1MF101-41',2),
('4E1MF102-47',2),
('4E1MF102-47',6),
('4E1MF101-42',5),
('4E1MF102-48',3),
('4E1CI105-3',6),
('4E1MF102-49',5),
('4E1MF101-43',4),
('4E1MF102-50',4),
('4E1MF101-44',3),
('4E1MF102-51',1),
('4E1MF102-51',2),
('4E1MF102-51',3),
('4E1MF102-51',4),
('4E1MF102-51',5),
('4E1MF102-51',6),
('4E1MF102-52',4),
('4E1MF101-45',5),
('4E1MF102-53',5),
('4E1MF102-54',2),
('4E1MF101-46',1),
('4E1MF101-47',3),
('4E1MF102-55',6),
('4E1MF101-48',2),
('4E1MF102-56',1),
('4E1MF101-49',1),
('4E1MF102-57',6),
('4E1MF101-50',1),
('4E1MF101-50',2),
('4E1MF101-50',3),
('4E1MF101-50',4),
('4E1MF101-50',5),
('4E1MF102-58',1),
('4E1MF101-51',4),
('4E1MF102-59',3),
('4E1MF101-52',2),
('4E1MF102-60',2),
('4E1MF102-60',6),
('4E1MF101-53',5),
('4E1MF102-61',3),
('4E1MF102-62',5),
('4E1MF101-54',4),
('4E1MF102-63',4),
('4E1MF101-55',3),
('4E1MF102-64',1),
('4E1MF102-64',2),
('4E1MF102-64',3),
('4E1MF102-64',4),
('4E1MF102-64',5),
('4E1MF102-64',6),
('4E1MF102-65',4),
('4E1MF101-56',5),
('4E1MF102-66',5),
('4E1MF102-67',2),
('4E1MF101-57',1),
('4E1MF101-58',3),
('4E1MF102-68',6),
('4E1MF101-59',2),
('4E1MF102-69',1),
('4E1MF101-60',1),
('4E1MF101-60',2),
('4E1MF101-60',3),
('4E1MF101-60',4),
('4E1MF101-60',5),
('4E1MF102-70',6),
('4E1MF101-61',1),
('4E1MF101-61',2),
('4E1MF101-61',3),
('4E1MF101-61',4),
('4E1MF101-61',5),
('4E1MF102-71',1),
('4E1MF101-62',4),
('4E1MF102-72',3),
('4E1MF101-63',1),
('4E1MF101-64',2),
('4E1MF102-73',2),
('4E1MF102-73',6),
('4E1MF101-65',4),
('4E1MF101-66',5),
('4E1MF102-74',3),
('4E1MF102-75',5),
('4E1MF101-67',4),
('4E1MF102-76',4),
('4E1MF101-68',3),
('4E1MF102-77',1),
('4E1MF102-77',2),
('4E1MF102-77',3),
('4E1MF102-77',4),
('4E1MF102-77',5),
('4E1MF102-77',6),
('4E1MF102-78',4),
('4E1MF101-69',5),
('4E1MF102-79',5),
('4E1MF102-80',2),
('4E1MF101-70',1),
('4E1MF101-71',3),
('4E1MF102-81',6),
('4E1MF101-72',2),
('4E1MF102-82',1),
('4E1MF102-83',6),
('4E1MF101-73',1),
('4E1MF102-84',1),
('4E1MF102-85',3),
('4E1MF101-74',2),
('4E1MF102-86',2),
('4E1MF102-86',6),
('4E1MF101-75',5),
('4E1MF102-87',3),
('4E1MF102-88',5),
('4E1MF102-89',4),
('4E1MF101-76',3),
('4E1MF102-90',1),
('4E1MF102-90',2),
('4E1MF102-90',3),
('4E1MF102-90',4),
('4E1MF102-90',5),
('4E1MF102-90',6),
('4E1MF102-91',4),
('4E1MF101-77',5),
('4E1MF102-92',5),
('4E1MF102-93',2),
('4E1MF101-78',1),
('4E1MF101-79',3),
('4E1MF102-94',6),
('4E1MF101-80',2),
('4E1MF102-95',1),
('4E1MF101-81',1),
('4E1MF102-96',6),
('4E1MF101-82',1),
('4E1MF101-82',2),
('4E1MF101-82',3),
('4E1MF101-82',4),
('4E1MF101-82',5),
('4E1MF102-97',1),
('4E1MF101-83',4),
('4E1MF102-98',3),
('4E1MF101-84',2),
('4E1MF102-99',2),
('4E1MF102-99',6),
('4E1MF101-85',5),
('4E1MF102-100',3),
('4E1MF102-101',5),
('4E1MF101-86',4),
('4E1MF102-102',4),
('4E1MF101-87',3),
('4E1MF102-103',1),
('4E1MF102-103',2),
('4E1MF102-103',3),
('4E1MF102-103',4),
('4E1MF102-103',5),
('4E1MF102-103',6),
('4E1MF102-104',4),
('4E1MF101-88',5),
('4E1MF102-105',5),
('4E1MF101-89',4),
('4E1MF102-106',2),
('4E1MF101-90',1),
('4E1MF101-91',3),
('4E1MF102-107',6),
('4E1MF101-92',2),
('4E1MF102-108',1),
('4E1MF101-93',1),
('4E1MF102-109',6),
('4E1MF101-94',1),
('4E1MF101-94',2),
('4E1MF101-94',3),
('4E1MF101-94',4),
('4E1MF101-94',5),
('4E1MF102-110',1),
('4E1MF101-95',4),
('4E1MF102-111',3),
('4E1MF101-96',2),
('4E1MF102-112',2),
('4E1MF102-112',6),
('4E1MF101-97',5),
('4E1MF102-113',3),
('4E1MF102-114',5),
('4E1MF101-98',4),
('4E1MF102-115',4),
('4E1MF101-99',3),
('4E1MF102-116',1),
('4E1MF102-116',2),
('4E1MF102-116',3),
('4E1MF102-116',4),
('4E1MF102-116',5),
('4E1MF102-116',6),
('4E1MF102-117',4),
('4E1MF101-100',5),
('4E1MF102-118',5),
('4E1MF102-119',2),
('4E1MF101-101',1),
('4E1MF101-102',3),
('4E1MF102-120',6),
('4E1MF101-103',2),
('4E1MF102-121',1),
('4E1MF102-122',6),
('4E1MF102-123',1),
('4E1MF101-104',4),
('4E1MF101-105',1),
('4E1MF102-124',3),
('4E1MF101-106',2),
('4E1MF102-125',2),
('4E1MF102-125',6),
('4E1MF101-107',5),
('4E1MF102-126',3),
('4E1MF102-127',5),
('4E1MF101-108',4),
('4E1MF102-128',4),
('4E1MF101-109',3),
('4E1MF102-129',4),
('4E1MF101-110',5),
('4E1MF102-130',5),
('4E3MISTE-1',7),
('4E3MISTE-1',8),
('4E3MF303-1',7),
('4E3MF303-1',8),
('4E3MF301-1',7),
('4E3MF301-1',8),
('4E3MF301-1',9),
('4E3MF301-1',10),
('4E3MF301-1',11),
('4E3MISTE-2',7),
('4E3MISTE-2',8),
('4E3MISTE-3',7),
('4E3MISTE-3',8),
('4E3MF304-1',9),
('4E3MF304-1',10),
('4E3MF304-1',11),
('4E3MF304-1',12),
('4E3MF304-1',13),
('4E3MF301-2',7),
('4E3MF301-2',11),
('4E3MF303-2',7),
('4E3MF301-3',8),
('4E3MF303-3',7),
('4E3MF303-3',8),
('4E3MF301-4',7),
('4E3MF301-4',8),
('4E3MF301-4',9),
('4E3MF301-4',10),
('4E3MF301-4',11),
('4E3MF304-2',9),
('4E3MF303-4',7),
('4E3MF301-5',8),
('4E3MF304-3',9),
('4E3MF301-6',7),
('4E3MF301-6',11),
('4E3MF303-5',8),
('4E3MISTE-4',7),
('4E3MISTE-4',8),
('4E3MF303-6',8),
('4E3MC305-1',9),
('4E3MC305-1',10),
('4E3MISTE-5',7),
('4E3MISTE-5',8),
('4E3MF302-1',13),
('4E3MF301-7',9),
('4E3MF302-2',7),
('4E3MF302-2',8),
('4E3MC305-2',9),
('4E3MF304-4',9),
('4E3MF304-4',10),
('4E3MF304-4',11),
('4E3MF304-4',12),
('4E3MF301-8',9),
('4E3MF304-5',11),
('4E3MF304-5',12),
('4E3MF304-6',11),
('4E3MF304-6',12),
('4E3MF301-9',7),
('4E3MF301-9',11),
('4E3MF303-7',7),
('4E3MF301-10',8),
('4E3MF303-8',7),
('4E3MF303-8',8),
('4E3MF302-3',9),
('4E3MF301-11',7),
('4E3MF301-11',8),
('4E3MF301-11',9),
('4E3MF301-11',10),
('4E3MF301-11',11),
('4E3MF304-7',9),
('4E3MF303-9',7),
('4E3MF301-12',8),
('4E3MF304-8',9),
('4E3MF301-13',7),
('4E3MF301-13',11),
('4E3MF303-10',8),
('4E3MF302-4',7),
('4E3MF302-4',8),
('4E3MF303-11',8),
('4E3MC305-3',9),
('4E3MC305-3',10),
('4E3MF302-5',13),
('4E3MISTE-6',7),
('4E3MISTE-6',8),
('4E3MF301-14',9),
('4E3MC305-4',9),
('4E3MF304-9',9),
('4E3MF304-9',10),
('4E3MF304-9',11),
('4E3MF304-9',12),
('4E3MF301-15',9),
('4E3MF304-10',11),
('4E3MF304-10',12),
('4E3MF304-11',11),
('4E3MF304-11',12),
('4E3MF301-16',7),
('4E3MF301-16',11),
('4E3MF303-12',7),
('4E3MF301-17',8),
('4E3MF303-13',7),
('4E3MF303-13',8),
('4E3MF302-6',9),
('4E3MF301-18',7),
('4E3MF301-18',8),
('4E3MF301-18',9),
('4E3MF301-18',10),
('4E3MF301-18',11),
('4E3MF304-12',9),
('4E3MF303-14',7),
('4E3MF301-19',8),
('4E3MF304-13',9),
('4E3MF301-20',7),
('4E3MF301-20',11),
('4E3MF303-15',8),
('4E3MF303-16',8),
('4E3MC305-5',9),
('4E3MC305-5',10),
('4E3MF302-7',13),
('4E3MF301-21',9),
('4E3MF302-8',7),
('4E3MF302-8',8),
('4E3MC305-6',9),
('4E3MF304-14',9),
('4E3MF304-14',10),
('4E3MF304-14',11),
('4E3MF304-14',12),
('4E3MF303-17',7),
('4E3MF301-24',8),
('4E3MF303-18',7),
('4E3MF303-18',8),
('4E3MF302-9',11),
('4E3MF302-9',12),
('4E3MF302-10',9),
('4E3MF301-25',7),
('4E3MF301-25',8),
('4E3MF301-25',9),
('4E3MF301-25',10),
('4E3MF301-25',11),
('4E3MF304-17',9),
('4E3MF303-19',7),
('4E3MF301-27',8),
('4E3MF304-18',9),
('4E3MF301-28',7),
('4E3MF301-28',11),
('4E3MF303-20',8),
('4E3MF303-21',8),
('4E3MC305-7',9),
('4E3MC305-7',10),
('4E3MF302-11',13),
('4E3MF301-29',9),
('4E3MF302-12',7),
('4E3MF302-12',8),
('4E3MC305-8',9),
('4E3MF304-19',9),
('4E3MF304-19',10),
('4E3MF304-19',11),
('4E3MF304-19',12),
('4E3MF303-22',7),
('4E3MF301-32',8),
('4E3MF303-23',7),
('4E3MF303-23',8),
('4E3MF302-13',11),
('4E3MF302-13',12),
('4E3MF302-14',9),
('4E3MF301-33',7),
('4E3MF301-33',8),
('4E3MF301-33',9),
('4E3MF301-33',10),
('4E3MF301-33',11),
('4E3MF304-22',9),
('4E3MF303-24',7),
('4E3MF301-34',8),
('4E3MF304-23',9),
('4E3MF301-35',7),
('4E3MF301-35',11),
('4E3MF303-25',8),
('4E3MF303-26',8),
('4E3MC305-9',9),
('4E3MC305-9',10),
('4E3MF302-15',13),
('4E3MF301-36',9),
('4E3MF302-16',7),
('4E3MF302-16',8),
('4E3MC305-10',9),
('4E3MF304-24',9),
('4E3MF304-24',10),
('4E3MF304-24',11),
('4E3MF304-24',12),
('4E3MF301-37',9),
('4E3MF304-25',11),
('4E3MF304-25',12),
('4E3MF304-26',11),
('4E3MF304-26',12),
('4E3MF301-38',7),
('4E3MF301-38',11),
('4E3MF303-29',7),
('4E3MF301-39',8),
('4E3MF303-30',7),
('4E3MF303-30',8),
('4E3MF302-17',11),
('4E3MF302-17',12),
('4E3MF302-18',9),
('4E3MF301-40',7),
('4E3MF301-40',8),
('4E3MF301-40',9),
('4E3MF301-40',10),
('4E3MF301-40',11),
('4E3MF304-27',9),
('4E3MF303-31',7),
('4E3MF301-41',8),
('4E3MF304-28',9),
('4E3MF301-42',7),
('4E3MF301-42',11),
('4E3MF303-32',8),
('4E3MF303-33',8),
('4E3MC305-11',9),
('4E3MC305-11',10),
('4E3MF302-19',13),
('4E3MF301-43',9),
('4E3MF302-20',7),
('4E3MF302-20',8),
('4E3MC305-12',9),
('4E3MF304-29',9),
('4E3MF304-29',10),
('4E3MF304-29',11),
('4E3MF304-29',12),
('4E3MF304-29',13),
('4E3MF301-44',9),
('4E3MF304-30',11),
('4E3MF304-30',12),
('4E3MF304-31',11),
('4E3MF304-31',12),
('4E3MF301-45',7),
('4E3MF301-45',11),
('4E3MF303-34',7),
('4E3MF301-46',8),
('4E3MF303-35',7),
('4E3MF303-35',8),
('4E3MF302-21',11),
('4E3MF302-21',12),
('4E3MF302-22',9),
('4E3MF301-47',7),
('4E3MF301-47',8),
('4E3MF301-47',9),
('4E3MF301-47',10),
('4E3MF301-47',11),
('4E3MF303-36',7),
('4E3MF301-48',8),
('4E3MF301-49',7),
('4E3MF301-49',11),
('4E3MF303-37',8),
('4E3MF303-38',8),
('4E3MC305-13',9),
('4E3MC305-13',10),
('4E3MF302-23',13),
('4E3MF301-50',9),
('4E3MF302-24',7),
('4E3MF302-24',8),
('4E3MC305-14',9),
('4E3MF304-32',9),
('4E3MF304-32',10),
('4E3MF304-32',11),
('4E3MF304-32',12),
('4E3MF301-51',9),
('4E3MF304-33',11),
('4E3MF304-33',12),
('4E3MF304-34',11),
('4E3MF304-34',12),
('4E3MF301-51',7),
('4E3MF301-51',11),
('4E3MF303-39',7),
('4E3MF301-52',8),
('4E3MF303-40',7),
('4E3MF303-40',8),
('4E3MF302-25',11),
('4E3MF302-25',12),
('4E3MF302-26',9),
('4E3MF301-53',7),
('4E3MF301-53',8),
('4E3MF301-53',9),
('4E3MF301-53',10),
('4E3MF301-53',11),
('4E3MF304-35',9),
('4E3MF303-41',7),
('4E3MF301-54',8),
('4E3MF304-36',9),
('4E3MF301-55',7),
('4E3MF301-55',11),
('4E3MF303-42',8),
('4E3MF303-43',8),
('4E3MC305-15',9),
('4E3MC305-15',10),
('4E3MF302-27',13),
('4E3MF301-56',9),
('4E3MF302-28',7),
('4E3MF302-28',8),
('4E3MC305-16',9),
('4E3MF304-37',9),
('4E3MF304-37',10),
('4E3MF304-37',11),
('4E3MF304-37',12),
('4E3MF301-57',9),
('4E3MF304-38',11),
('4E3MF304-38',12),
('4E3MF304-39',11),
('4E3MF304-39',12),
('4E3MF301-58',7),
('4E3MF301-58',11),
('4E3MF303-44',7),
('4E3MF301-59',8),
('4E3MF303-45',7),
('4E3MF303-45',8),
('4E3MF302-29',11),
('4E3MF302-29',12),
('4E3MF302-30',9),
('4E3MF301-60',7),
('4E3MF301-60',8),
('4E3MF301-60',9),
('4E3MF301-60',10),
('4E3MF301-60',11),
('4E3MF304-40',9),
('4E3MF303-46',7),
('4E3MF301-61',8),
('4E3MF304-41',9),
('4E3MF301-62',7),
('4E3MF301-62',11),
('4E3MF304-42',9),
('4E3MF303-47',8),
('4E3MF304-43',9),
('4E3MF303-48',8),
('4E3MC305-17',9),
('4E3MC305-17',10),
('4E3MF302-31',13),
('4E3MF301-63',9),
('4E3MF302-32',7),
('4E3MF302-32',8),
('4E3MC305-18',9),
('4E3MF304-44',9),
('4E3MF304-44',10),
('4E3MF304-44',11),
('4E3MF304-44',12),
('4E3MF301-64',9),
('4E3MF304-45',11),
('4E3MF304-45',12),
('4E3MF304-46',11),
('4E3MF304-46',12),
('4E3MF301-65',7),
('4E3MF301-65',11),
('4E3MF303-49',7),
('4E3MF301-66',8),
('4E3MF303-50',7),
('4E3MF303-50',8),
('4E3MF302-33',11),
('4E3MF302-33',12),
('4E3MF302-34',9),
('4E3MF301-67',7),
('4E3MF301-67',8),
('4E3MF301-67',9),
('4E3MF301-67',10),
('4E3MF301-67',11),
('4E3MF301-69',7),
('4E3MF301-69',11),
('4E3MF303-52',8),
('4E3MF303-53',8),
('4E3MF302-35',13),
('4E3MF301-70',9),
('4E3MF302-36',7),
('4E3MF302-36',8),
('4E3MF304-49',9),
('4E3MF304-49',10),
('4E3MF304-49',11),
('4E3MF304-49',12),
('4E3MF301-72',7),
('4E3MF301-72',11),
('4E3MF303-54',7),
('4E3MF301-73',8),
('4E3MF302-38',11),
('4E3MF302-38',12),
('4E3MF302-39',9),
('4E3MF304-52',9),
('4E3MF303-55',7),
('4E3MF301-74',8),
('4E3MF304-53',9),
('4E3MF301-75',7),
('4E3MF301-75',11),
('4E3MF303-56',8),
('4E3MF303-57',8),
('4E3MF302-40',13),
('4E3MF301-76',9),
('4E3MF302-41',7),
('4E3MF302-41',8),
('4E3MF301-77',9),
('4E3MF304-54',11),
('4E3MF304-54',12),
('4E3MF304-55',11),
('4E3MF304-55',12),
('4E5M511I-1',14),
('4E5M511I-1',15),
('4E5M510I-1',14),
('4E5M510I-1',15),
('4E5M510I-1',16),
('4E5M510I-1',17),
('4E5M510I-1',18),
('4E5M506I-1',14),
('4E5M506I-1',15),
('4E5M506I-1',16),
('4E5M508I-1',14),
('4E5M508I-1',15),
('4E5M508I-1',16),
('4E5M508I-1',17),
('4E5M510I-2',16),
('4E5M511I-2',14),
('4E5M511I-2',15),
('4E5M510I-3',14),
('4E5M510I-3',15),
('4E5M510I-3',16),
('4E5M510I-3',17),
('4E5M511I-3',14),
('4E5M511I-3',15),
('4E5M508I-2',17),
('4E5M506I-2',14),
('4E5M506I-2',15),
('4E5M506I-2',16),
('4E5M506I-3',16),
('4E5M510I-4',14),
('4E5M510I-4',15),
('4E5M510I-4',16),
('4E5M508I-3',14),
('4E5M508I-3',15),
('4E5M508I-3',16),
('4E5M506I-4',14),
('4E5M506I-4',15),
('4E5M508I-4',14),
('4E5M508I-4',15),
('4E5M508I-4',16),
('4E5M508I-4',17),
('4E5M511I-4',14),
('4E5M511I-4',15),
('4E5M510I-5',14),
('4E5M510I-5',15),
('4E5M510I-5',16),
('4E5M510I-5',17),
('4E5M508I-5',17),
('4E5M511I-5',14),
('4E5M511I-5',15),
('4E5M506I-5',14),
('4E5M506I-5',15),
('4E5M506I-5',16),
('4E5M506I-6',16),
('4E5M510I-6',14),
('4E5M510I-6',15),
('4E5M510I-6',17),
('4E5M508I-6',14),
('4E5M508I-6',15),
('4E5M508I-6',16),
('4E5M506I-7',14),
('4E5M506I-7',15),
('4E5M508I-7',14),
('4E5M508I-7',15),
('4E5M508I-7',16),
('4E5M508I-7',17),
('4E5M510I-7',16),
('4E5M511I-6',14),
('4E5M511I-6',15),
('4E5M510I-8',14),
('4E5M510I-8',15),
('4E5M510I-8',16),
('4E5M510I-8',17),
('4E5M508I-8',17),
('4E5M511I-7',14),
('4E5M511I-7',15),
('4E5M506I-8',14),
('4E5M506I-8',15),
('4E5M506I-8',16),
('4E5M506I-9',16),
('4E5M510I-9',14),
('4E5M510I-9',15),
('4E5M510I-9',17),
('4E5M508I-9',14),
('4E5M508I-9',15),
('4E5M508I-9',16),
('4E5M506I-10',14),
('4E5M506I-10',15),
('4E5M508I-10',14),
('4E5M508I-10',15),
('4E5M508I-10',16),
('4E5M508I-10',17),
('4E5M510I-10',16),
('4E5M511I-8',14),
('4E5M511I-8',15),
('4E5M510I-11',14),
('4E5M510I-11',15),
('4E5M510I-11',16),
('4E5M510I-11',17),
('4E5M506I-12',16),
('4E5M510I-12',14),
('4E5M510I-12',15),
('4E5M510I-12',17),
('4E5M508I-12',14),
('4E5M508I-12',15),
('4E5M508I-12',16),
('4E5M506I-13',14),
('4E5M506I-13',15),
('4E5M508I-13',14),
('4E5M508I-13',15),
('4E5M508I-13',16),
('4E5M508I-13',17),
('4E5M510I-13',16),
('4E5M511I-10',14),
('4E5M511I-10',15),
('4E5M510I-14',14),
('4E5M510I-14',15),
('4E5M510I-14',16),
('4E5M510I-14',17),
('4E5M511I-11',14),
('4E5M511I-11',15),
('4E5M506I-14',14),
('4E5M506I-14',15),
('4E5M506I-14',16),
('4E5M506I-15',16),
('4E5M510I-15',14),
('4E5M510I-15',15),
('4E5M510I-15',17),
('4E5M508I-14',14),
('4E5M508I-14',15),
('4E5M508I-14',16),
('4E5M506I-16',14),
('4E5M506I-16',15),
('4E5M508I-15',14),
('4E5M508I-15',15),
('4E5M508I-15',16),
('4E5M508I-15',17),
('4E5M508I-16',17),
('4E5M510I-16',16),
('4E5M511I-12',14),
('4E5M511I-12',15),
('4E5M510I-17',14),
('4E5M510I-17',15),
('4E5M510I-17',16),
('4E5M510I-17',17),
('4E5M511I-13',14),
('4E5M511I-13',15),
('4E5M506I-17',14),
('4E5M506I-17',15),
('4E5M506I-17',16),
('4E5M506I-18',16),
('4E5M510I-18',14),
('4E5M510I-18',15),
('4E5M510I-18',17),
('4E5M508I-17',14),
('4E5M508I-17',15),
('4E5M508I-17',16),
('4E5M506I-19',14),
('4E5M506I-19',15),
('4E5M508I-18',14),
('4E5M508I-18',15),
('4E5M508I-18',16),
('4E5M508I-18',17),
('4E5M510I-19',16),
('4E5M511I-14',14),
('4E5M511I-14',15),
('4E5M510I-20',14),
('4E5M510I-20',15),
('4E5M510I-20',16),
('4E5M510I-20',17),
('4E5M508I-19',17),
('4E5M511I-15',14),
('4E5M511I-15',15),
('4E5M510I-21',14),
('4E5M510I-21',15),
('4E5M510I-21',17),
('4E5M508I-20',14),
('4E5M508I-20',15),
('4E5M508I-20',16),
('4E5M512I-1',14),
('4E5M512I-1',15),
('4E5M508I-21',14),
('4E5M508I-21',15),
('4E5M508I-21',16),
('4E5M508I-21',17),
('4E5M510I-22',16),
('4E5M511I-16',14),
('4E5M511I-16',15),
('4E5M508I-22',17),
('4E5M508I-23',17),
('4E5M507I-1',14),
('4E5M507I-1',15),
('4E5M507I-1',16),
('4E5M510I-23',14),
('4E5M510I-23',15),
('4E5M510I-23',17),
('4E5M508I-24',14),
('4E5M508I-24',15),
('4E5M508I-24',16),
('4E5M512I-2',14),
('4E5M512I-2',15),
('4E5M506I-20',14),
('4E5M506I-20',15),
('4E5M506I-20',16),
('4E5M514I-1',14),
('4E5M507I-2',14),
('4E5M507I-2',15),
('4E5M507I-2',16),
('4E5M507I-3',14),
('4E5M507I-3',15),
('4E5M507I-3',16),
('4E5M514I-2',14),
('4E5M507I-4',14),
('4E5M507I-4',15),
('4E5M507I-4',16),
('4E5M507I-5',14),
('4E5M507I-5',15),
('4E5M507I-5',16),
('4E5M514I-3',14),
('4E5M507I-6',14),
('4E5M507I-6',15),
('4E5M507I-6',16),
('4E5M507I-7',14),
('4E5M507I-7',15),
('4E5M507I-7',16),
('4E5M514I-4',14),
('4E5M507I-8',14),
('4E5M507I-8',15),
('4E5M507I-8',16),
('4E5M507I-9',14),
('4E5M507I-9',15),
('4E5M507I-9',16),
('4E5M506I-21',14),
('4E5M506I-21',15),
('4E5M506I-21',16),
('4E5M507I-10',14),
('4E5M507I-10',15),
('4E5M507I-10',16),
('4E5M507I-11',14),
('4E5M507I-11',15),
('4E5M507I-11',16),
('4E5M514I-5',14),
('4E5M507I-12',14),
('4E5M507I-12',15),
('4E5M507I-12',16),
('4E5M507I-13',14),
('4E5M507I-13',15),
('4E5M507I-13',16),
('4E5M506I-22',14),
('4E5M506I-22',15),
('4E5M506I-22',16),
('4E5M514I-6',14),
('4E5M507I-14',14),
('4E5M507I-14',15),
('4E5M507I-14',16),
('4E5M507I-15',14),
('4E5M507I-15',15),
('4E5M507I-15',16),
('4E5M507I-16',14),
('4E5M507I-16',15),
('4E5M507I-16',16);
